geo_value,time_value,geo_res,viral_activity_level,hosp_fac_BOW_7d_avg,dn_viral_activity_level
Central,2020-03-07,region,,0.0,
Central,2020-03-14,region,,0.0,
Central,2020-03-21,region,,0.0,
Central,2020-03-28,region,,0.0,
Central,2020-04-04,region,,0.0,
Central,2020-04-11,region,,0.0,
Central,2020-04-18,region,,0.0,
Central,2020-04-25,region,,0.0,
Central,2020-05-02,region,,0.0,
Central,2020-05-09,region,,0.0,
Central,2020-05-16,region,,0.0,
Central,2020-05-23,region,,0.0,
Central,2020-05-30,region,,0.0,
Central,2020-06-06,region,,0.0,
Central,2020-06-13,region,,0.0,
Central,2020-06-20,region,,0.0,
Central,2020-06-27,region,,0.0,
Central,2020-07-04,region,,0.0,
Central,2020-07-11,region,,0.0,
Central,2020-07-18,region,,7.624170691193429,
Central,2020-07-25,region,,13.401511158865905,
Central,2020-08-01,region,,15.335383907400288,
Central,2020-08-08,region,,13.457854369986634,
Central,2020-08-15,region,,13.702804267679245,
Central,2020-08-22,region,,14.804451258042018,
Central,2020-08-29,region,,12.42318638958766,
Central,2020-09-05,region,,14.128719821328811,
Central,2020-09-12,region,,11.442423083664576,
Central,2020-09-19,region,,13.378882890850976,
Central,2020-09-26,region,,8.52296733241081,
Central,2020-10-03,region,,11.112694496093576,
Central,2020-10-10,region,,12.48580438005873,
Central,2020-10-17,region,,11.6547670089768,
Central,2020-10-24,region,,11.871392373006191,
Central,2020-10-31,region,,12.74883138804983,
Central,2020-11-07,region,,15.01040707004704,
Central,2020-11-14,region,,20.5115094554632,
Central,2020-11-21,region,,22.167644338939056,
Central,2020-11-28,region,,30.12994342495237,
Central,2020-12-05,region,,31.666675764491725,
Central,2020-12-12,region,,38.35782410810446,
Central,2020-12-19,region,,45.18689633858504,
Central,2020-12-26,region,,43.995320846490415,
Central,2021-01-02,region,,56.16139311222866,
Central,2021-01-09,region,,67.79550458575638,
Central,2021-01-16,region,,69.16412079843363,
Central,2021-01-23,region,,67.5615781422669,
Central,2021-01-30,region,,58.74649274308014,
Central,2021-02-06,region,,50.717729112841866,
Central,2021-02-13,region,,41.47560686534082,
Central,2021-02-20,region,,38.25546053487835,
Central,2021-02-27,region,,33.15765234817431,
Central,2021-03-06,region,,30.50444336026975,
Central,2021-03-13,region,,25.01159267759089,
Central,2021-03-20,region,,22.08759858452169,
Central,2021-03-27,region,,25.08304516870542,
Central,2021-04-03,region,,26.88607572548123,
Central,2021-04-10,region,,25.90782461436784,
Central,2021-04-17,region,,26.044070151075875,
Central,2021-04-24,region,,23.87928330308879,
Central,2021-05-01,region,,17.115687626298815,
Central,2021-05-08,region,,16.9686678637799,
Central,2021-05-15,region,,14.180174562974551,
Central,2021-05-22,region,,10.885150393786136,
Central,2021-05-29,region,,9.995831773558962,
Central,2021-06-05,region,,6.301099280695692,
Central,2021-06-12,region,,4.028756545900675,
Central,2021-06-19,region,,4.193475166385402,
Central,2021-06-26,region,,1.912731822542836,
Central,2021-07-03,region,,3.2592921977407383,
Central,2021-07-10,region,,3.4974070582660066,
Central,2021-07-17,region,,6.7170309397757935,
Central,2021-07-24,region,,9.073346941380247,
Central,2021-07-31,region,,15.749605006581287,
Central,2021-08-07,region,,18.82804353253336,
Central,2021-08-14,region,,29.85795747480879,
Central,2021-08-21,region,,34.35039054543277,
Central,2021-08-28,region,,45.95037172224785,
Central,2021-09-04,region,,45.98941191104254,
Central,2021-09-11,region,,46.65886897910735,
Central,2021-09-18,region,,43.97323666299936,
Central,2021-09-25,region,,43.06709496529722,
Central,2021-10-02,region,,34.17720771619612,
Central,2021-10-09,region,,32.38042149826866,
Central,2021-10-16,region,,32.1899702173908,
Central,2021-10-23,region,,25.72766646156385,
Central,2021-10-30,region,1.7466636132408373,22.25909862867216,1.8057137999923574
Central,2021-11-06,region,1.4441883719403794,18.92475881970313,3.237425696302338
Central,2021-11-13,region,6.519150426908311,19.59393550677788,4.910152473923697
Central,2021-11-20,region,10.090507672358946,17.125588477252084,6.8238941328564415
Central,2021-11-27,region,8.342948381577713,21.23161442219301,10.260553359438696
Central,2021-12-04,region,5.730481989574631,27.86956097180138,8.510726981332267
Central,2021-12-11,region,17.2675268127535,38.47847105844719,9.065335503084633
Central,2021-12-18,region,3.163305534768853,35.20652032343187,14.428139568026504
Central,2021-12-25,region,20.88704862629952,38.609351532133225,17.499656621751498
Central,2022-01-01,region,25.68617147473605,81.52735670056373,18.214166797786767
Central,2022-01-08,region,12.821862039460202,100.60013801992564,19.501255312466803
Central,2022-01-15,region,15.310307980918417,115.32570829398732,13.677230912017482
Central,2022-01-22,region,10.222474242871844,104.25696168116586,9.822706007799594
Central,2022-01-29,region,6.603753493161065,88.40510183959309,8.007865089198598
Central,2022-02-05,region,6.65600102957334,62.384944519562026,4.80257434749473
Central,2022-02-12,region,1.913054319208523,52.521877994990064,3.4957558654192846
Central,2022-02-19,region,2.6791610175442884,34.16114910130148,2.5803401535935193
Central,2022-02-26,region,2.4615413016266228,24.13227920272389,1.6716656738096352
Central,2022-03-05,region,1.3712076209899486,14.70262818991772,1.5968553553122136
Central,2022-03-12,region,0.8443382938623892,11.28919366988568,0.9565502201823317
Central,2022-03-19,region,0.6940987863277668,10.638687853021205,0.831482643751758
Central,2022-03-26,region,1.0967196157531884,5.470230556656157,1.1635979346675682
Central,2022-04-02,region,1.7655562970824634,4.1015398002362,1.4076326163690516
Central,2022-04-16,region,1.543339856784726,3.675325117088735,2.17671538436748
Central,2022-04-23,region,2.4979519772269,8.258409028438235,2.754724514156028
Central,2022-04-30,region,4.130910798479841,5.523700361579012,2.8494304981761305
Central,2022-05-07,region,3.0846838134063854,10.298574121835848,3.720659118660695
Central,2022-05-14,region,2.350780356100395,14.246566793023494,3.4048151778688807
Central,2022-05-21,region,5.362698957975174,14.635040917270224,3.097907495679058
Central,2022-05-28,region,1.4221826107441755,20.085019253946204,2.933615690328047
Central,2022-06-04,region,3.651008329481969,19.69205130332608,3.7112794627469508
Central,2022-06-11,region,3.53293396466943,21.546585559953044,4.320839981866164
Central,2022-06-18,region,6.956683919279937,18.046767900035213,4.914466448293377
Central,2022-06-25,region,4.803738480367028,17.871734605650836,4.531866160274573
Central,2022-07-02,region,2.795708491725679,22.341596661136567,5.800703543133165
Central,2022-07-09,region,6.004405966576037,24.69151131905857,5.14702049157364
Central,2022-07-16,region,9.140668798804706,23.40387280793818,5.6200555816777005
Central,2022-07-23,region,1.9151209714284352,24.67256640140705,5.827964321502963
Central,2022-07-30,region,5.902442851497376,29.74255013047883,4.7822928788215355
Central,2022-08-06,region,4.983826536681648,27.432837851557125,4.512065268648268
Central,2022-08-13,region,4.325273238285563,27.51243034265672,5.379337972952161
Central,2022-08-20,region,5.335824366004364,29.464875489562942,3.547801187351423
Central,2022-08-27,region,2.485605034272313,28.326184047322823,2.766900535417292
Central,2022-09-03,region,0.2813111832859654,30.68313689055424,2.444961794100064
Central,2022-09-10,region,3.8513713599530432,24.994888726145987,2.699185708347618
Central,2022-09-17,region,3.7797090066188073,22.58161290929863,3.2132458917807307
Central,2022-09-24,region,3.671446306775495,17.991033408456982,3.2400660385172726
Central,2022-10-01,region,1.221163037467357,14.92427658701522,2.3867219417457557
Central,2022-10-08,region,1.826458956511468,18.502029052766552,1.5833671430336629
Central,2022-10-15,region,2.0674190929522007,16.436617504054702,0.9604171346209556
Central,2022-10-22,region,0.6265268220696957,14.02636516384573,0.8344649275986256
Central,2022-10-29,region,2.300248423844347,16.744470096464415,4.5858906283430505
Central,2022-11-05,region,6.121215132748231,15.644244806816731,5.719336040633215
Central,2022-11-12,region,17.23431278427022,15.62151589188009,10.471361278218275
Central,2022-11-19,region,7.268382609629173,16.18255408607789,21.382393139856553
Central,2022-11-26,region,29.74985321690992,15.14574816533319,24.99399021237602
Central,2022-12-03,region,37.98822018984789,18.08976517522124,10.062722559376844
Central,2022-12-10,region,5.740613728798764,22.923265816039034,35.679819141729425
Central,2022-12-17,region,5.798572064523194,23.322335491532,44.1482619403625
Central,2022-12-24,region,136.13770385509525,29.138839458090462,54.2545516203189
Central,2022-12-31,region,18.37737682412891,36.25771357240599,55.96836856781058
Central,2023-01-07,region,37.17174690776268,36.01323084304222,38.58717829408801
Central,2023-01-14,region,5.717338910436002,29.67512170036665,5.113519423375167
Central,2023-01-21,region,8.114553944654421,25.89832442707212,10.282197526617075
Central,2023-01-28,region,7.799703928041654,24.09628243931128,3.838510479025446
Central,2023-02-04,region,5.305552071498729,23.33688082159465,7.414365856238429
Central,2023-02-11,region,6.327564937007473,21.141996113237177,6.445355406159435
Central,2023-02-18,region,8.150530630240645,20.41729153029128,5.1385033185995095
Central,2023-02-25,region,1.7806853067961037,15.312215295704997,3.456750183772823
Central,2023-03-04,region,1.0945235276724916,11.306995313485867,1.831218744441491
Central,2023-03-11,region,0.6977325626733577,10.264067440012418,1.0010447977639925
Central,2023-03-18,region,2.9040782959336804,9.660506927102867,1.9929925917735622
Central,2023-03-25,region,2.2926375908804806,5.807723244563968,2.17036215089971
Central,2023-04-01,region,1.8863527799275928,6.67020413690814,1.911638998459269
Central,2023-04-08,region,0.8995914374110356,5.5563732313119605,1.2584176235864708
Central,2023-04-15,region,0.9081846836726636,3.6042256541673874,0.9338089236382849
Central,2023-04-22,region,1.1273742375349745,4.9851781122845935,0.7873306914761963
Central,2023-04-29,region,0.5447368207709664,2.4769870824689693,0.7792558464447413
Central,2023-05-06,region,0.8085465296577283,2.495932942329087,0.7788188918656502
Central,2023-05-13,region,0.7134562548788002,2.5914751267216296,0.8012135876179589
Central,2023-05-20,region,1.065024757022875,2.3522009971308027,0.9006749078439701
Central,2023-05-27,region,0.8073075243261403,2.16068118045649,0.7685533638924653
Central,2023-06-03,region,0.6057603622397362,2.0733447878221045,0.6931420391043474
Central,2023-06-10,region,0.4095149719084366,1.0483657099605472,0.5358650424742001
Central,2023-06-17,region,0.6440316825815738,2.0636195598730307,0.38263208211586575
Central,2023-06-24,region,0.3427657504750396,1.7019452370597257,0.3575339549087081
Central,2023-07-01,region,0.2161807453432571,2.1427747634043715,0.5873271767506247
Central,2023-07-08,region,0.9189203310177002,2.010638420313778,0.7067938989785434
Central,2023-07-15,region,1.4131034760451693,2.4634355703303634,0.9332366247477414
Central,2023-07-22,region,1.0509432633297433,3.5001231632484915,1.6884003150086015
Central,2023-07-29,region,2.129269721578132,3.029886097013476,2.402840108388556
Central,2023-08-05,region,4.231878339256193,4.8027599162746295,3.6364362425313983
Central,2023-08-12,region,4.087234967001289,7.141252606535951,4.58233679668521
Central,2023-08-19,region,5.40267502875344,11.136253292209313,4.460066880514286
Central,2023-08-26,region,3.5458316686348947,14.292069547216528,3.8344945414285836
Central,2023-09-02,region,2.5561549453285526,12.668450879187086,3.27726930501958
Central,2023-09-09,region,3.030640467444617,16.77479847600601,2.5595266468724818
Central,2023-09-16,region,2.469642889880685,13.523129924894969,2.3471664900637115
Central,2023-09-23,region,1.9858729251328056,16.121911016025994,2.1339165400269735
Central,2023-09-30,region,1.7044872114209473,14.227728609468771,1.9447512712728035
Central,2023-10-07,region,1.8931737131350743,11.43895745140916,1.711651575151272
Central,2023-10-14,region,1.8963881971274967,9.963081505022496,1.3363056379439937
Central,2023-10-21,region,0.7013629694801928,9.38856732443164,1.4276702770542875
Central,2023-10-28,region,1.0176036345685653,7.833460193895206,1.3343844212718696
Central,2023-11-04,region,2.4870228832315835,7.654923541251174,1.3267516063931462
Central,2023-11-11,region,1.0720156623278962,10.610569241907983,1.704315756116521
Central,2023-11-18,region,1.675165931818705,12.28312725483485,2.14711105967981
Central,2023-11-25,region,2.7109512696927545,15.294007434218654,2.2229559156887744
Central,2023-12-02,region,3.2347752109868373,18.09469532651262,2.7739723517237103
Central,2023-12-09,region,2.232408937548504,14.442907159324449,2.8909407382405865
Central,2023-12-16,region,3.3467297741921795,18.56928087852724,3.114137277676744
Central,2023-12-23,region,3.485912063767212,27.149161660431066,3.747025967585692
Central,2023-12-30,region,4.823197553801926,32.885305364343026,3.4507527554335002
Central,2024-01-06,region,5.546083675504379,35.11107146669977,6.963826496951769
Central,2024-01-13,region,5.799665256110319,27.93950799859936,9.541474430825945
Central,2024-01-20,region,19.23145833197504,21.55587128952746,10.914971856903124
Central,2024-01-27,region,8.88902889542976,17.31359832921192,11.75371394484027
Central,2024-02-03,region,11.528400505232364,15.094465226716595,12.057700694637374
Eastern,2020-03-07,region,,0.0,
Eastern,2020-03-14,region,,0.0,
Eastern,2020-03-21,region,,0.0,
Eastern,2020-03-28,region,,0.0,
Eastern,2020-04-04,region,,0.0,
Eastern,2020-04-11,region,,0.0,
Eastern,2020-04-18,region,,0.0,
Eastern,2020-04-25,region,,0.0,
Eastern,2020-05-02,region,,0.0,
Eastern,2020-05-09,region,,0.0,
Eastern,2020-05-16,region,,0.0,
Eastern,2020-05-23,region,,0.0,
Eastern,2020-05-30,region,,0.0,
Eastern,2020-06-06,region,,0.0,
Eastern,2020-06-13,region,,0.0,
Eastern,2020-06-20,region,,0.0,
Eastern,2020-06-27,region,,0.0,
Eastern,2020-07-04,region,,0.0,
Eastern,2020-07-11,region,,0.0,
Eastern,2020-07-18,region,,24.66968576847225,
Eastern,2020-07-25,region,,27.6246528561064,
Eastern,2020-08-01,region,,17.152963763052178,
Eastern,2020-08-08,region,,12.502901367862586,
Eastern,2020-08-15,region,,14.475015378518377,
Eastern,2020-08-22,region,,10.77196508386341,
Eastern,2020-08-29,region,,16.440947832092444,
Eastern,2020-09-05,region,,8.206220857781659,
Eastern,2020-09-12,region,,4.907157837545705,
Eastern,2020-09-19,region,,4.601576689229797,
Eastern,2020-09-26,region,,3.8585676820777786,
Eastern,2020-10-03,region,,1.813757172133189,
Eastern,2020-10-10,region,,6.895766688809244,
Eastern,2020-10-17,region,,5.679926877616067,
Eastern,2020-10-24,region,,7.026450785897107,
Eastern,2020-10-31,region,,4.769603705556542,
Eastern,2020-11-07,region,,11.467109424048132,
Eastern,2020-11-14,region,,11.90983488597008,
Eastern,2020-11-21,region,,15.863812960711249,
Eastern,2020-11-28,region,,17.783751914204785,
Eastern,2020-12-05,region,,23.04950808956648,
Eastern,2020-12-12,region,,29.21019429879221,
Eastern,2020-12-19,region,,34.88297998100644,
Eastern,2020-12-26,region,,38.34624869554883,
Eastern,2021-01-02,region,,41.53897465939254,
Eastern,2021-01-09,region,,48.60309827082408,
Eastern,2021-01-16,region,,58.826820894040935,
Eastern,2021-01-23,region,,51.51931283501368,
Eastern,2021-01-30,region,,51.92995416454483,
Eastern,2021-02-06,region,,50.99313961702981,
Eastern,2021-02-13,region,,40.93359368729971,
Eastern,2021-02-20,region,,35.45487913180525,
Eastern,2021-02-27,region,,33.20338862327706,
Eastern,2021-03-06,region,,22.477392262336288,
Eastern,2021-03-13,region,,25.582947825891026,
Eastern,2021-03-20,region,,23.88710226330959,
Eastern,2021-03-27,region,,25.27284519529343,
Eastern,2021-04-03,region,,25.021573260830632,
Eastern,2021-04-10,region,,25.46709840148748,
Eastern,2021-04-17,region,,21.31083625693637,
Eastern,2021-04-24,region,,21.64281871642323,
Eastern,2021-05-01,region,,14.678889823489444,
Eastern,2021-05-08,region,,15.32843937424434,
Eastern,2021-05-15,region,,12.869476655636388,
Eastern,2021-05-22,region,,12.125830273327804,
Eastern,2021-05-29,region,,5.551569553630473,
Eastern,2021-06-05,region,,3.944199175728597,
Eastern,2021-06-12,region,,3.1261295504898245,
Eastern,2021-06-19,region,,3.2140542219780683,
Eastern,2021-06-26,region,,3.719250109748396,
Eastern,2021-07-03,region,,2.6056414146872906,
Eastern,2021-07-10,region,,2.766828601356936,
Eastern,2021-07-17,region,,6.207241980351851,
Eastern,2021-07-24,region,,7.536215210319322,
Eastern,2021-07-31,region,,9.84434062124221,
Eastern,2021-08-07,region,,19.45145018388779,
Eastern,2021-08-14,region,,28.34158387830007,
Eastern,2021-08-21,region,,35.08254488180036,
Eastern,2021-08-28,region,,44.7178837764296,
Eastern,2021-09-04,region,,46.93188755178421,
Eastern,2021-09-11,region,,52.21338861498578,
Eastern,2021-09-18,region,,49.77501518101676,
Eastern,2021-09-25,region,,43.597909195768565,
Eastern,2021-10-02,region,,42.10876539511701,
Eastern,2021-10-09,region,,30.55638491988272,
Eastern,2021-10-16,region,,27.28809202588115,
Eastern,2021-10-23,region,,22.25220985781281,
Eastern,2021-10-30,region,3.25641864807798,16.17011145358917,4.332194346913167
Eastern,2021-11-06,region,3.377850691691707,13.404877908255338,2.1474937652468036
Eastern,2021-11-13,region,2.1451373433755814,12.298003872240214,1.5341790666663044
Eastern,2021-11-20,region,3.1664436575251886,10.315095631394792,2.4922502511716726
Eastern,2021-12-04,region,8.669533826804237,19.19993056130436,8.015241949617893
Eastern,2021-12-11,region,15.663326296403874,21.518389109980845,0.17266937742038824
Eastern,2021-12-18,region,6.490190780425156,24.505460044138864,28.306728142596835
Eastern,2021-12-25,region,15.01245209816416,25.84378166476749,44.0063326158685
Eastern,2022-01-01,region,122.58968737219652,59.73857189025721,48.60449716102774
Eastern,2022-01-08,region,11.24474555890162,105.32712688277633,43.53608080833809
Eastern,2022-01-15,region,9.409298290974773,95.53891706171255,24.16434158763041
Eastern,2022-01-22,region,5.674185893790389,98.56686538155694,-4.54067115985572
Eastern,2022-01-29,region,2.7644841656266284,78.5049162256953,4.004533502878774
Eastern,2022-02-05,region,2.982556914939224,65.92746352924709,2.5197441873337016
Eastern,2022-02-12,region,2.809311515120368,36.125821857017606,1.8946105143777534
Eastern,2022-02-19,region,0.6814903758960448,25.5861848059364,1.4255559173930359
Eastern,2022-02-26,region,0.8272383910793104,12.482893008180875,0.843054830993341
Eastern,2022-03-05,region,0.6447197157292217,6.292549527316807,0.5824343794487061
Eastern,2022-03-12,region,1.0029596819843718,4.753143755371163,0.8647946049278608
Eastern,2022-03-19,region,0.7577387989412,1.4145884356464438,0.7728421984288935
Eastern,2022-03-26,region,0.981084487167414,2.44418670174214,0.8614488182195628
Eastern,2022-04-02,region,0.6683850206880778,1.8913521603921613,0.9967395565038144
Eastern,2022-04-09,region,1.6317939337928242,1.3418856635989034,1.4675849692993692
Eastern,2022-04-16,region,1.9743652806049548,1.2216018535048605,2.0791897174428495
Eastern,2022-04-23,region,2.8074139293338067,5.056704943501363,2.800961775154311
Eastern,2022-04-30,region,3.154896320321254,2.2787487911745754,2.8272913325217215
Eastern,2022-05-07,region,3.150247562693921,5.01259884725103,2.78191974065572
Eastern,2022-05-14,region,2.308312140368753,9.297815726686682,3.723387541908422
Eastern,2022-05-21,region,4.020784803397263,7.8351652643491105,3.722345822163798
Eastern,2022-05-28,region,6.473267393105366,14.389512914830911,4.4276214478319575
Eastern,2022-06-04,region,2.1314520403319195,14.855564582036802,4.714924641733348
Eastern,2022-06-11,region,6.100507363810444,22.941633786913304,4.724162654414702
Eastern,2022-06-18,region,4.086102898395692,20.4607078659998,4.159888724006679
Eastern,2022-06-25,region,5.526717086029723,16.96074395024141,5.730573604729149
Eastern,2022-07-02,region,4.3799246334704405,19.47908466756323,5.771914855117508
Eastern,2022-07-09,region,8.797999509433506,20.154590673757728,5.890972278184433
Eastern,2022-07-16,region,4.7868778165804216,25.920904384455262,6.336194358691571
Eastern,2022-07-23,region,4.907743733456174,25.09514547062221,6.254028079598687
Eastern,2022-07-30,region,8.00378504306652,28.12177357344436,5.66958324040132
Eastern,2022-08-06,region,4.390108749214792,25.645750725376807,5.462969430136765
Eastern,2022-08-13,region,5.284034564753296,24.0404903031253,4.713908226326624
Eastern,2022-08-20,region,2.684550137098982,18.650273057334523,3.678121262591796
Eastern,2022-08-27,region,4.469223418527565,18.397558058311148,3.918777113300804
Eastern,2022-09-03,region,4.0238302180833,13.906422331221494,4.413299268546663
Eastern,2022-09-10,region,4.652549580355824,13.908585635735598,4.6608857388841685
Eastern,2022-09-17,region,5.135030809183812,16.131932801290347,3.5535394627163717
Eastern,2022-09-24,region,1.5544192948726936,12.329595623574978,2.6803362654529717
Eastern,2022-10-01,region,1.1721202877643948,8.850568326548206,2.1022362219476194
Eastern,2022-10-08,region,2.6060524395510094,12.175526116583034,1.8547270984719586
Eastern,2022-10-15,region,3.0824628474198263,10.866394939282014,2.583435664305294
Eastern,2022-10-22,region,2.184046784546144,12.043151607154028,2.8166084832325033
Eastern,2022-10-29,region,2.8829667199700952,10.550184969283375,2.639940099863523
Eastern,2022-11-05,region,2.5610543797843293,13.739017831004071,2.4938814415844677
Eastern,2022-11-12,region,2.544603315378629,10.861516592150712,2.235089790273653
Eastern,2022-11-19,region,2.4408627689664617,10.661695500748642,2.938635748778063
Eastern,2022-11-26,region,2.9155467815035188,8.484710300048093,3.8737679901513227
Eastern,2022-12-03,region,6.957143719868514,9.910510306366143,4.993881972163428
Eastern,2022-12-10,region,5.462125049368591,14.135997321592164,6.065338139087389
Eastern,2022-12-17,region,7.172907472514896,23.081257082255767,8.364419757270925
Eastern,2022-12-24,region,8.923309851283594,22.23112215806245,9.46654006849764
Eastern,2022-12-31,region,13.138962969736982,33.68601800790361,10.048560211842794
Eastern,2023-01-07,region,7.663686657318785,33.921811902352786,8.55320609779955
Eastern,2023-01-14,region,5.500098927185623,26.683786539813863,6.402084782480612
Eastern,2023-01-21,region,3.784862245719505,21.859074419680773,4.193559180228562
Eastern,2023-01-28,region,4.820775637478135,17.124363336746413,4.0461384300243095
Eastern,2023-02-04,region,4.390400797757263,15.174263907552184,5.227164675291551
Eastern,2023-02-11,region,5.119438374486779,13.503090666442244,5.443259306058893
Eastern,2023-02-18,region,7.179669641538391,10.83669508787264,4.44185650986288
Eastern,2023-02-25,region,1.248514641185157,8.469220500896947,2.9827448194743154
Eastern,2023-03-04,region,0.7930960872478018,6.999394621817753,1.2082771642331007
Eastern,2023-03-11,region,0.5476791288694389,7.6212374417748014,0.41387505611538655
Eastern,2023-03-18,region,1.0795532833034094,6.053437680620202,1.444839672361533
Eastern,2023-03-25,region,2.746903403859472,4.878710096231244,1.8669406352285223
Eastern,2023-04-01,region,2.0025943995136704,4.517321417357401,2.0665326098304906
Eastern,2023-04-08,region,1.4363886189096335,4.755989730283313,1.7813272472897101
Eastern,2023-04-15,region,1.4407338264807323,2.7442117603691507,1.290953450175921
Eastern,2023-04-22,region,1.093115599191805,3.176598615595194,1.2589404656986274
Eastern,2023-04-29,region,1.3338839688984931,0.7917184400651577,1.2571564784811162
Eastern,2023-05-13,region,1.0836975756719405,1.827315915392166,1.060066641536085
Eastern,2023-05-20,region,1.0997080556832868,1.682765008871732,0.9576653143992444
Eastern,2023-05-27,region,0.2442702493145726,1.1340673145135491,0.6701047433298128
Eastern,2023-06-03,region,1.2371335805960435,1.2623750910924123,0.7701483131003365
Eastern,2023-06-10,region,0.3000382240022983,0.5677048612058844,0.9190010591240481
Eastern,2023-06-17,region,1.5710907070888338,1.2884771422612902,0.7631600898494986
Eastern,2023-06-24,region,0.7988362329694806,0.0836685137798152,0.8681624705950937
Eastern,2023-07-01,region,0.2902471940029734,0.1039057089648188,1.6179753701532855
Eastern,2023-07-08,region,2.82906081489048,0.6318414215970993,1.4113793972297537
Eastern,2023-07-15,region,2.720749555163254,0.639748493465087,2.410072164238159
Eastern,2023-07-22,region,1.048537105356642,1.7811563121843956,3.179859755745139
Eastern,2023-07-29,region,5.315188729103313,3.717559044335237,3.082593071582526
Eastern,2023-08-05,region,3.458977131002056,2.9555864496164284,3.990266933426779
Eastern,2023-08-12,region,3.530977011059851,5.7127636714558365,5.220482097435644
Eastern,2023-08-19,region,6.307005043765374,7.407323465182612,4.388044770646222
Eastern,2023-08-26,region,5.059678046535313,8.398604229478625,4.470203395683149
Eastern,2023-09-02,region,1.3550670980388464,9.138940606534677,3.302140702236501
Eastern,2023-09-09,region,3.6778903486370496,9.325904784763566,2.4250763657730197
Eastern,2023-09-16,region,1.1122778421565298,9.389859567920755,2.1610905339390607
Eastern,2023-09-23,region,3.880909972992831,8.942629845028248,2.952033176462532
Eastern,2023-09-30,region,1.915226185725969,11.280140676510303,2.6089133040500583
Eastern,2023-10-07,region,3.72368468518929,11.677331463215802,2.8067183069699477
Eastern,2023-10-14,region,1.416644088966517,9.69448031313098,2.062856832609906
Eastern,2023-10-21,region,2.2389784801091914,9.053273471037231,2.179941695411033
Eastern,2023-10-28,region,1.6255198365520531,7.988895481310009,1.61177053758293
Eastern,2023-11-04,region,2.616456125298467,4.195367621951161,2.313640864189851
Eastern,2023-11-11,region,1.6685136851277187,7.656904578418798,2.5220178429686806
Eastern,2023-11-18,region,4.23608457548648,7.480272887839487,3.3609368842913105
Eastern,2023-11-25,region,3.042418424017525,8.770523018634389,3.6270857465506285
Eastern,2023-12-02,region,4.679161559875912,10.724745733305513,3.287452112331353
Eastern,2023-12-09,region,2.987161747789201,12.369921594656324,3.8976098335379636
Eastern,2023-12-16,region,3.676859575443861,12.989433116894574,6.075896538364178
Eastern,2023-12-23,region,10.148461336774488,15.870754817085226,6.219113197355063
Eastern,2024-01-06,region,7.677980035878849,23.72484913196139,14.009554514919635
Eastern,2024-01-13,region,23.013439958763826,21.60824099406362,16.95665890100137
Eastern,2024-01-20,region,19.10593826476937,14.42544648507287,18.348202148308328
Eastern,2024-01-27,region,19.463051432406807,13.147222911591737,18.881417122219563
Eastern,2024-02-03,region,17.122684114101304,11.27915817818733,18.556303822735057
Northern,2020-02-22,region,,0.0,
Northern,2020-03-07,region,,0.0,
Northern,2020-03-14,region,,0.0,
Northern,2020-03-21,region,,0.0,
Northern,2020-03-28,region,,0.0,
Northern,2020-04-04,region,,0.0,
Northern,2020-04-11,region,,0.0,
Northern,2020-04-18,region,,0.0,
Northern,2020-04-25,region,,0.0,
Northern,2020-05-02,region,,0.0,
Northern,2020-05-09,region,,0.0,
Northern,2020-05-16,region,,0.0,
Northern,2020-05-23,region,,0.0,
Northern,2020-05-30,region,,0.0,
Northern,2020-06-06,region,,0.0,
Northern,2020-06-13,region,,0.0,
Northern,2020-06-20,region,,0.0,
Northern,2020-06-27,region,,0.0,
Northern,2020-07-04,region,,0.0,
Northern,2020-07-11,region,,0.0,
Northern,2020-07-18,region,,5.02247730849007,
Northern,2020-07-25,region,,10.406530942794504,
Northern,2020-08-01,region,,8.332369231268991,
Northern,2020-08-08,region,,8.090541918514347,
Northern,2020-08-15,region,,14.885531343898585,
Northern,2020-08-22,region,,11.022245488151071,
Northern,2020-08-29,region,,13.105554471206036,
Northern,2020-09-05,region,,19.86993929218585,
Northern,2020-09-12,region,,21.32512239919657,
Northern,2020-09-19,region,,19.56080289323582,
Northern,2020-09-26,region,,16.185558141084854,
Northern,2020-10-03,region,,19.309453216043423,
Northern,2020-10-10,region,,19.92825709134913,
Northern,2020-10-17,region,,16.380431252892024,
Northern,2020-10-24,region,,14.135357097755527,
Northern,2020-10-31,region,,16.276025261325927,
Northern,2020-11-07,region,,19.728319531628628,
Northern,2020-11-14,region,,31.41360049071593,
Northern,2020-11-21,region,,30.876487932629995,
Northern,2020-11-28,region,,41.711263773166216,
Northern,2020-12-05,region,,50.0595678538723,
Northern,2020-12-12,region,,50.59759988779746,
Northern,2020-12-19,region,,54.74724824356864,
Northern,2020-12-26,region,,63.789134671148176,
Northern,2021-01-02,region,,61.35965913135971,
Northern,2021-01-09,region,,66.56282632701286,
Northern,2021-01-16,region,,67.09048841946255,
Northern,2021-01-23,region,,64.93712959635107,
Northern,2021-01-30,region,,56.784579715197886,
Northern,2021-02-06,region,,49.851852984358814,
Northern,2021-02-13,region,,35.45385090789625,
Northern,2021-02-20,region,,33.46719287631284,
Northern,2021-02-27,region,,28.04147399453969,
Northern,2021-03-06,region,,26.46976098526436,
Northern,2021-03-13,region,,23.006787610556568,
Northern,2021-03-20,region,,22.178540416352657,
Northern,2021-03-27,region,,27.35584839793225,
Northern,2021-04-03,region,,24.9203003552639,
Northern,2021-04-10,region,,25.67682670263052,
Northern,2021-04-17,region,,26.1877260613076,
Northern,2021-04-24,region,,27.40818848599339,
Northern,2021-05-01,region,,20.723369339430093,
Northern,2021-05-08,region,,18.23308813002486,
Northern,2021-05-15,region,,11.881942655051612,
Northern,2021-05-22,region,,11.024939037472167,
Northern,2021-05-29,region,,9.996822980196832,
Northern,2021-06-05,region,,7.492548853171733,
Northern,2021-06-12,region,,4.936951116781442,
Northern,2021-06-19,region,,4.69902520946918,
Northern,2021-06-26,region,,2.5252945250425025,
Northern,2021-07-03,region,,1.0478615383825476,
Northern,2021-07-10,region,,3.7918631196595913,
Northern,2021-07-17,region,,4.324151812866966,
Northern,2021-07-24,region,,7.68785412147414,
Northern,2021-07-31,region,,7.183753447066604,
Northern,2021-08-07,region,,15.59065232056256,
Northern,2021-08-14,region,,24.14393366797907,
Northern,2021-08-21,region,,26.832350339590512,
Northern,2021-08-28,region,,27.50362147411276,
Northern,2021-09-04,region,,31.18721714772509,
Northern,2021-09-11,region,,30.991632827442185,
Northern,2021-09-18,region,,31.606578247842663,
Northern,2021-09-25,region,,31.30539761867903,
Northern,2021-10-02,region,,25.6863194502397,
Northern,2021-10-09,region,,28.30020767913605,
Northern,2021-10-16,region,,20.910226366672784,
Northern,2021-10-23,region,,20.018235466817806,
Northern,2021-10-30,region,6.714170529585663,13.869333797530215,5.445995251022471
Northern,2021-11-06,region,3.496915508133516,12.85667296394498,4.1072246062243245
Northern,2021-11-13,region,2.170286785765815,14.182864480075107,3.5462792843851014
Northern,2021-11-20,region,2.435269160923578,11.38786530511642,3.763159285504803
Northern,2021-11-27,region,4.077951777502944,10.177270969110264,5.682981963339742
Northern,2021-12-04,region,12.8203551080776,20.935668096052943,4.3354679715101625
Northern,2021-12-11,region,5.516720649969422,30.19475865925579,12.203044825489043
Northern,2021-12-18,region,8.401989058665947,31.995970126908933,18.52365024276194
Northern,2021-12-25,region,42.218447003450514,38.12031725735353,24.01385202410065
Northern,2022-01-01,region,21.8529131179954,90.4660025687188,29.828891620433435
Northern,2022-01-08,region,26.046087678196983,137.41161428435714,26.94669874463326
Northern,2022-01-15,region,20.907682173176266,125.9508469764632,15.195139223235167
Northern,2022-01-22,region,6.523224141169487,103.28242059763843,10.477310974070496
Northern,2022-01-29,region,1.2132735868195188,78.27436349819202,3.9782210502848416
Northern,2022-02-05,region,3.7166942740190976,58.74960136017211,1.14287671030866
Northern,2022-02-12,region,1.973646356669173,42.35159658399464,1.8867305882438905
Northern,2022-02-19,region,1.4707968880144566,29.17195262798241,1.9480296702838023
Northern,2022-02-26,region,1.6523337018916566,21.84718832858315,0.995036944990847
Northern,2022-03-05,region,0.4347513497792137,10.280947235272832,0.8689026064807391
Northern,2022-03-12,region,0.5853125946311329,10.000661586792306,0.8456767603210347
Northern,2022-03-19,region,1.1736689005292873,7.317582482822168,0.729666805331393
Northern,2022-03-26,region,1.1041435718943085,3.8650741616844666,0.9247641464952883
Northern,2022-04-02,region,0.6581678714281037,6.052591373310635,1.1278527605966098
Northern,2022-04-09,region,1.501753325368529,4.348600617741435,1.5157995888551894
Northern,2022-04-16,region,2.3458368095220137,6.074003213836025,2.1120231745645324
Northern,2022-04-23,region,2.972770225968303,7.488522580745598,2.7915327258969325
Northern,2022-04-30,region,3.293956794925357,10.799227037832516,3.670658634710673
Northern,2022-05-07,region,4.281799582045857,17.104996279132855,4.7192175536499
Northern,2022-05-14,region,6.030144472006887,16.566174880250507,5.1378830962027955
Northern,2022-05-21,region,5.812861138744025,28.12784091117976,5.324657902435819
Northern,2022-05-28,region,4.239428262179805,23.76144927024601,5.626176904089252
Northern,2022-06-04,region,5.769022663953894,27.34890335221493,5.712068111026445
Northern,2022-06-11,region,7.027100786662383,25.191624806708933,6.059786417144402
Northern,2022-06-18,region,5.812861138744025,29.83610641945227,5.804360425213575
Northern,2022-06-25,region,5.422890248812761,26.110698988413468,5.781053458128174
Northern,2022-07-02,region,4.393363409140761,26.08898886102662,5.406783711372192
Northern,2022-07-09,region,7.753353474749211,26.55101852022363,5.981521401338636
Northern,2022-07-16,region,5.29938693231676,29.757210157492658,6.748977979611982
Northern,2022-07-23,region,7.7755454531994115,31.04594065967456,7.28257292260003
Northern,2022-07-30,region,7.393805886213423,30.575518301168245,6.752311914844582
Northern,2022-08-06,region,6.528145955247303,32.77441092387572,7.02000150171631
Northern,2022-08-13,region,5.855857590342252,33.77311725868266,6.434478089497116
Northern,2022-08-20,region,6.869633030458385,29.65851134397964,5.81579142829716
Northern,2022-08-27,region,5.555866298181325,26.90004838352768,5.809990015677416
Northern,2022-09-03,region,4.775781406988,28.04704102083751,6.103183112507973
Northern,2022-09-10,region,6.775162432194472,30.3428610953748,5.531119539217595
Northern,2022-09-17,region,5.795264269918762,24.93612294704389,4.912569730137584
Northern,2022-09-24,region,2.766386794475202,19.48266676846668,4.141547444677355
Northern,2022-10-01,region,2.9631969901426496,19.274974417926053,3.00904273249656
Northern,2022-10-08,region,3.378691755794755,23.47377723841404,2.8946016569077173
Northern,2022-10-15,region,2.9264892667311053,19.41880284501508,3.089779049953556
Northern,2022-10-22,region,3.518944297875628,15.364014332014394,3.3843816486804217
Northern,2022-10-29,region,2.733894886979392,19.245351787391726,3.213568840495041
Northern,2022-11-05,region,4.272191591265573,24.2944223623003,3.034760364076234
Northern,2022-11-12,region,2.274578222999636,23.72363833478137,3.1822461320734328
Northern,2022-11-19,region,3.622476425454927,18.71715240518208,4.389442860279269
Northern,2022-11-26,region,5.898747894830888,16.241578317699275,5.158558140773529
Northern,2022-12-03,region,7.661463318729007,28.463711341472287,6.494549605735903
Northern,2022-12-10,region,6.276083287664017,30.07012484262936,7.5461709698101345
Northern,2022-12-17,region,8.886377061067812,36.908461493908966,9.08788406409691
Northern,2022-12-24,region,11.635546309593792,34.165582649840424,12.26793767772075
Northern,2022-12-31,region,15.053982344390262,54.63314310154404,14.942380694271765
Northern,2023-01-07,region,17.588846432341313,51.7948000455804,14.780009606966317
Northern,2023-01-14,region,11.86807594516372,45.390024658501645,13.041367311679906
Northern,2023-01-21,region,8.322715363001121,40.05906107452417,9.82240517261399
Northern,2023-01-28,region,8.188051956534913,30.745860880184413,7.189734125613595
Northern,2023-02-04,region,5.566099563255421,27.7866921176461,6.389315899052703
Northern,2023-02-11,region,5.841069812157876,28.750163498490227,5.065105776893338
Northern,2023-02-18,region,3.807290511340237,21.44867531755349,3.2214064379967406
Northern,2023-02-25,region,0.807829703767338,18.844396461397427,1.7351972234028281
Northern,2023-03-04,region,0.551411036411804,18.199642100459062,0.6197787317327808
Northern,2023-03-11,region,0.4356616814666504,12.712214735048384,0.6010054526012858
Northern,2023-03-18,region,1.5329354378934994,12.276703791851098,1.0661943090180026
Northern,2023-03-25,region,1.322005211641818,6.027245628603247,1.1482264775740008
Northern,2023-04-01,region,0.8547599175091898,7.101042380827918,1.1505835947631597
Northern,2023-04-08,region,0.7446611943777885,5.885060960269585,0.8116426387578625
Northern,2023-04-15,region,0.9527995697822892,6.0493681052861055,0.6651053201193573
Northern,2023-04-22,region,0.4034720143748497,4.393365208264141,0.622025979471036
Northern,2023-04-29,region,0.5620253363706518,2.620098290560456,0.579954676686874
Northern,2023-05-06,region,0.5987649284206256,2.190729588640333,0.5239095022967231
Northern,2023-05-13,region,0.5857332510133572,3.8599247526220246,0.5556958258882523
Northern,2023-05-20,region,0.4474134372872173,5.012732495493489,0.45096643246893237
Northern,2023-05-27,region,0.3614318452194405,2.102799704378548,0.4066285945187332
Northern,2023-06-03,region,0.3355090618539242,2.204607084307236,0.3957378432549037
Northern,2023-06-10,region,0.5116804273210409,2.678664660706295,0.40246414776121037
Northern,2023-06-17,region,0.3915343023257431,5.501505258175868,0.27460591369049664
Northern,2023-06-24,region,0.3110595383397777,6.698169752021882,0.37227648091485116
Northern,2023-07-01,region,0.30746167472155,7.0947239174217485,0.8320781514591649
Northern,2023-07-08,region,1.5582521210161158,7.211677612684048,1.1208182997808416
Northern,2023-07-15,region,2.046183026376979,3.6133484391686257,1.4698010000794333
Northern,2023-07-22,region,1.092125815004925,3.7959529074916536,2.031180094800212
Northern,2023-07-29,region,2.4594681068444784,3.725652073973442,2.386575309395732
Northern,2023-08-05,region,3.5191990335577787,5.5771537485572615,2.9630574784798336
Northern,2023-08-12,region,3.320717813918696,8.699010517902959,3.9222046822758134
Northern,2023-08-19,region,3.875171310416018,9.784404983623563,3.6444044893531387
Northern,2023-08-26,region,3.950413517457958,11.519479486095262,2.9827062513736746
Northern,2023-09-02,region,1.1451708381895562,11.351752680416956,2.234182609011016
Northern,2023-09-09,region,1.6473331431546316,18.31847282560432,1.6538614081445422
Northern,2023-09-16,region,1.5019355195482351,16.852224112585073,1.4421486138710577
Northern,2023-09-23,region,2.0873629519132533,19.81320579946484,1.7525783911843353
Northern,2023-09-30,region,1.5229336823777069,14.579317959550352,1.6084570011697925
Northern,2023-10-07,region,1.3700454213693232,16.032309526723218,1.4982285039771837
Northern,2023-10-14,region,1.3592018386350857,13.763883424667409,1.3660709759624556
Northern,2023-10-21,region,1.4580673900072478,19.72546451243861,1.4412632784309014
Northern,2023-10-28,region,1.526376239403112,12.721599574158825,1.4577593960538464
Northern,2023-11-04,region,1.3844015525047173,14.735183873568838,1.3452509891069506
Northern,2023-11-11,region,1.2354424540488658,15.195400994553342,1.1124101736862864
Northern,2023-11-18,region,1.0851710245380193,12.719732562715388,1.376677126510681
Northern,2023-11-25,region,1.4613819116822906,11.335994610571364,1.837282433645489
Northern,2023-12-02,region,3.0760293332141,19.59003891742909,2.22516685451565
Northern,2023-12-09,region,2.5977319438895137,18.18294076942293,2.612977197868155
Northern,2023-12-16,region,2.672332255269611,21.114205296831287,3.4016551494513667
Northern,2023-12-23,region,3.980004726213038,23.035770773374605,2.5677596707780204
Northern,2023-12-30,region,5.977794923753802,32.14773590682982,4.929662652962625
Northern,2024-01-06,region,5.488348308281537,38.06726421992955,13.782414699050062
Northern,2024-01-13,region,21.97201258068917,37.72114654836248,17.84613870557293
Northern,2024-01-20,region,31.934668790563187,31.748767421751023,19.98758758470399
Northern,2024-01-27,region,9.542965272183528,29.71376817506429,20.34765061746346
Northern,2024-02-03,region,21.08777448812364,29.32650229597025,18.926327803851326
Northwest,2020-02-22,region,,0.0,
Northwest,2020-03-07,region,,0.0,
Northwest,2020-03-14,region,,0.0,
Northwest,2020-03-21,region,,0.0,
Northwest,2020-03-28,region,,0.0,
Northwest,2020-04-04,region,,0.0,
Northwest,2020-04-11,region,,0.0,
Northwest,2020-04-18,region,,0.0,
Northwest,2020-04-25,region,,0.0,
Northwest,2020-05-02,region,,0.0,
Northwest,2020-05-09,region,,0.0,
Northwest,2020-05-16,region,,0.0,
Northwest,2020-05-23,region,,0.0,
Northwest,2020-05-30,region,,0.0,
Northwest,2020-06-06,region,,0.0,
Northwest,2020-06-13,region,,0.0,
Northwest,2020-06-20,region,,0.0,
Northwest,2020-06-27,region,,0.0,
Northwest,2020-07-04,region,,0.0,
Northwest,2020-07-11,region,,0.0,
Northwest,2020-07-18,region,,0.2781744775007742,
Northwest,2020-07-25,region,,5.50538824532256,
Northwest,2020-08-01,region,,4.283950228030926,
Northwest,2020-08-08,region,,1.87245345380892,
Northwest,2020-08-15,region,,4.031564216476223,
Northwest,2020-08-22,region,,2.7969940947672365,
Northwest,2020-08-29,region,,2.844302467189993,
Northwest,2020-09-05,region,,3.3740218438024447,
Northwest,2020-09-12,region,,5.454404360524652,
Northwest,2020-09-19,region,,3.841476193081416,
Northwest,2020-09-26,region,,4.645698800148401,
Northwest,2020-10-03,region,,4.687607406533297,
Northwest,2020-10-10,region,,7.509371444140659,
Northwest,2020-10-17,region,,5.602461690184659,
Northwest,2020-10-24,region,,5.741849632369148,
Northwest,2020-10-31,region,,8.395109106148738,
Northwest,2020-11-07,region,,10.255485103808764,
Northwest,2020-11-14,region,,13.037935235045486,
Northwest,2020-11-21,region,,14.718976904091123,
Northwest,2020-11-28,region,,19.48591403959746,
Northwest,2020-12-05,region,,24.91966362189123,
Northwest,2020-12-12,region,,32.46545760271436,
Northwest,2020-12-19,region,,28.79522788989405,
Northwest,2020-12-26,region,,34.292301663181114,
Northwest,2021-01-02,region,,32.471673145981605,
Northwest,2021-01-09,region,,37.50830663929108,
Northwest,2021-01-16,region,,33.785246190534565,
Northwest,2021-01-23,region,,33.026966609715096,
Northwest,2021-01-30,region,,28.664282525442147,
Northwest,2021-02-06,region,,24.33522511052773,
Northwest,2021-02-13,region,,19.22174760538955,
Northwest,2021-02-20,region,,17.360486321348677,
Northwest,2021-02-27,region,,13.195324985886248,
Northwest,2021-03-06,region,,12.31708427581084,
Northwest,2021-03-13,region,,13.193132513510866,
Northwest,2021-03-20,region,,12.271784757962385,
Northwest,2021-03-27,region,,10.515113340019283,
Northwest,2021-04-03,region,,11.08605060177706,
Northwest,2021-04-10,region,,16.416219846588767,
Northwest,2021-04-17,region,,17.1583801518582,
Northwest,2021-04-24,region,,14.170159915883264,
Northwest,2021-05-01,region,,13.072647495270331,
Northwest,2021-05-08,region,,13.610893424134732,
Northwest,2021-05-15,region,,10.720805249039229,
Northwest,2021-05-22,region,,8.375431692312867,
Northwest,2021-05-29,region,,10.612731663576016,
Northwest,2021-06-05,region,,7.274881077080399,
Northwest,2021-06-12,region,,6.859218986918965,
Northwest,2021-06-19,region,,5.416843513745456,
Northwest,2021-06-26,region,,5.5783241775776125,
Northwest,2021-07-03,region,,3.357831327061278,
Northwest,2021-07-10,region,,4.152929805734325,
Northwest,2021-07-17,region,,4.3994095920711205,
Northwest,2021-07-24,region,,5.5978592005064645,
Northwest,2021-07-31,region,,6.7342124010245605,
Northwest,2021-08-07,region,,7.257924025852115,
Northwest,2021-08-14,region,,15.26281861151194,
Northwest,2021-08-21,region,,19.384423176811246,
Northwest,2021-08-28,region,,23.65070161440461,
Northwest,2021-09-04,region,,30.645391836832644,
Northwest,2021-09-11,region,,31.76534630984736,
Northwest,2021-09-18,region,,38.0267443069184,
Northwest,2021-09-25,region,,38.7246852817206,
Northwest,2021-10-02,region,,31.262451052395893,
Northwest,2021-10-09,region,,30.508307098968352,
Northwest,2021-10-16,region,,25.49098975877008,
Northwest,2021-10-23,region,,20.650110257050745,
Northwest,2021-10-30,region,2.1326080314792155,17.92472646034269,0.8678023852909432
Northwest,2021-11-06,region,1.4783447390365532,13.853455468339297,1.9728968817308359
Northwest,2021-11-13,region,0.3630662761684162,15.023734395767052,3.336756040383627
Northwest,2021-11-20,region,7.005204780215039,13.682823688018816,4.959379861249317
Northwest,2021-11-27,region,4.518868906840773,13.094550619702463,7.095286670088402
Northwest,2021-12-04,region,14.265931500899104,19.035463150465823,10.426788808504394
Northwest,2021-12-11,region,8.574340065086686,26.33675033608468,12.894664811603203
Northwest,2021-12-18,region,17.056704754203075,25.635148573862622,14.263982787923648
Northwest,2021-12-25,region,15.458902705091951,28.927932024782447,13.247798240502933
Northwest,2022-01-01,region,11.54557110896048,39.43222670703099,16.748173779504647
Northwest,2022-01-08,region,16.224760684997108,55.91790378107337,17.224262763701574
Northwest,2022-01-15,region,23.743825156258428,63.34122163753646,16.796055066292194
Northwest,2022-01-22,region,12.231119167435818,67.642374679251,14.160068171242726
Northwest,2022-01-29,region,6.278420228868817,58.24901398439199,8.49240628724163
Northwest,2022-02-05,region,3.389533709787389,40.49899665415765,3.140029831408275
Northwest,2022-02-12,region,2.070807926574886,33.43989721074159,2.190029789139307
Northwest,2022-02-19,region,2.1633523559263086,29.0568363949546,1.7279333134728194
Northwest,2022-02-26,region,1.7886213495848842,21.409165264948584,1.4952820394158854
Northwest,2022-03-05,region,0.7806163544352327,13.114737909034192,1.1395000143810512
Northwest,2022-03-12,region,0.983526150221922,6.811574393472433,0.8893047009370644
Northwest,2022-03-19,region,0.5835868461727585,8.348029650717072,0.7340624049631015
Northwest,2022-03-26,region,1.1334504655164224,5.472644024078928,0.7018177926217459
Northwest,2022-04-02,region,0.4170071344871844,6.2913453372547625,0.6532424712701028
Northwest,2022-04-09,region,0.6936424405058713,4.344478161586919,1.0496604213223937
Northwest,2022-04-16,region,1.3349082804154395,2.607275282690475,1.1313996736605803
Northwest,2022-04-23,region,1.975974280096328,4.1107996561168765,1.3319344318805935
Northwest,2022-04-30,region,0.7426106348396644,5.91153816769824,1.3576675593884429
Northwest,2022-05-07,region,1.4073087582984072,4.392287503453726,1.5145946932009067
Northwest,2022-05-14,region,1.8975748550754736,8.738405901279787,1.78856792259214
Northwest,2022-05-21,region,2.648559226274892,12.137882569281304,2.4064351110528523
Northwest,2022-05-28,region,2.5447848243217264,9.966237334363123,2.8106069045315207
Northwest,2022-06-04,region,2.984271667912356,11.383570890816136,3.014222237001569
Northwest,2022-06-11,region,3.174227668575276,11.20958834823584,2.743921295509078
Northwest,2022-06-18,region,2.4942620972845617,10.615042262870434,1.994095906288138
Northwest,2022-06-25,region,1.7693119581315135,12.010005587697076,3.0907585889455174
Northwest,2022-07-02,region,2.5568104801638945,12.346483610792305,3.672530522644391
Northwest,2022-07-09,region,8.38936760238356,16.38256400915683,5.006644562256118
Northwest,2022-07-16,region,3.253965640403665,14.817311470885633,5.505471913609522
Northwest,2022-07-23,region,6.311418812309848,14.05052319064416,5.613624887037114
Northwest,2022-07-30,region,3.8521811247334337,14.490076436847826,4.422841696569937
Northwest,2022-08-06,region,5.527959341807596,15.55948505486,3.964174494124054
Northwest,2022-08-13,region,2.784524760728968,21.14735267428252,3.9255996660171837
Northwest,2022-08-20,region,3.2292985842504485,19.378157317466567,5.224819761222303
Northwest,2022-08-27,region,8.691253618848044,16.2892622723054,5.953261806025646
Northwest,2022-09-03,region,7.302547250607505,17.50983508814019,7.622602819942625
Northwest,2022-09-10,region,6.26285145466269,16.85870980964046,7.613610270694357
Northwest,2022-09-17,region,7.548781188552685,14.133898051832244,5.638576186250976
Northwest,2022-09-24,region,3.766495886736725,12.683273522286193,4.27670996235519
Northwest,2022-10-01,region,1.988383240636016,9.84708250485335,2.9959599113389093
Northwest,2022-10-08,region,2.548868346514688,10.046366371528643,2.1790033559872084
Northwest,2022-10-15,region,2.8038067375737614,6.8023355447144285,2.9913973001424106
Northwest,2022-10-22,region,3.713885407448759,6.705600103123182,3.594023006393553
Northwest,2022-10-29,region,4.08986466229062,7.458191109139669,3.289593817522728
Northwest,2022-11-05,region,2.542789159556453,9.992543891321093,2.6934843058960256
Northwest,2022-11-12,region,1.5914745770022205,8.506992625114313,2.3205152289508604
Northwest,2022-11-19,region,2.5878685603934755,8.175999086392899,2.856609025070365
Northwest,2022-11-26,region,4.3110187786074565,6.6736452774664174,3.966217086295633
Northwest,2022-12-03,region,5.484164029271906,10.575774014825653,4.932117723360375
Northwest,2022-12-10,region,4.72119038591931,9.348424127854242,4.675067666602762
Northwest,2022-12-17,region,4.585592372843979,14.148949368655936,4.536882835651916
Northwest,2022-12-24,region,3.672682323602038,11.617485037474736,4.918321413619582
Northwest,2022-12-31,region,7.032908150657055,16.912763625215618,6.886655204279695
Northwest,2023-01-07,region,8.05851115045889,16.844482176929418,7.997917305094637
Northwest,2023-01-14,region,9.752903135400071,12.898035824481644,7.308123486498793
Northwest,2023-01-21,region,4.285432180992512,11.352164772417916,5.048186660557619
Northwest,2023-01-28,region,1.9356705653317192,12.31195167054032,4.5956632781131646
Northwest,2023-02-04,region,4.2118801103983134,9.367719442025551,4.354774223014608
Northwest,2023-02-11,region,8.431452540442967,8.194007232804594,5.00898730136506
Northwest,2023-02-18,region,3.2303417959509844,6.872503916992768,4.380793618910408
Northwest,2023-02-25,region,1.6385781920799978,6.562162701098724,2.259750264935316
Northwest,2023-03-04,region,0.3183239013902538,7.026666658207122,0.4653766567074554
Northwest,2023-03-11,region,0.3775909371892301,4.590935848555775,0.7002875345834643
Northwest,2023-03-18,region,1.655328088532893,3.7672776450983294,0.9515790656449951
Northwest,2023-03-25,region,1.1732384335281458,4.479496672524143,1.1367630838355347
Northwest,2023-04-01,region,0.8768882792666095,3.587350554217203,1.1067483632951274
Northwest,2023-04-08,region,0.6087963116501115,2.871899057966784,0.729634429395237
Northwest,2023-04-15,region,0.9282282123426744,2.0705951058853937,0.5683447524040377
Northwest,2023-04-22,region,0.2920989124931983,1.4562895896529813,0.5694061964611481
Northwest,2023-04-29,region,0.4276529874523831,1.4883627519679947,0.5386201756875247
Northwest,2023-05-06,region,0.7674379819372418,0.4070617109072808,0.4223332757201427
Northwest,2023-05-13,region,0.2986878913837377,1.0314699290757094,0.45579328010108544
Northwest,2023-05-20,region,0.2514621385951632,0.1793163595662095,0.3379391552936696
Northwest,2023-05-27,region,0.3176695425170824,0.0980583577936244,0.19402653570411907
Northwest,2023-06-03,region,0.1421634228399036,1.374448520862329,0.171732141118348
Northwest,2023-06-10,region,0.1175777759153391,0.0851042606914363,0.14776648929363628
Northwest,2023-06-17,region,0.1124019772331139,0.4474544569628333,0.09838044351667773
Northwest,2023-06-24,region,0.2472347358529528,0.2096305740831442,0.10074226849351568
Northwest,2023-07-01,region,0.2195645572994495,0.2302476574792017,0.4972903093422327
Northwest,2023-07-08,region,0.6797722263876066,0.2126136687740941,0.7885660196012839
Northwest,2023-07-15,region,1.857288940515627,0.1552145573622672,1.1109428438248168
Northwest,2023-07-22,region,1.164907189884086,0.7163233432687264,2.03279830152061
Northwest,2023-07-29,region,2.335630991360824,0.2343843211670737,2.402339852473738
Northwest,2023-08-05,region,3.9552082675966624,0.9410665532719112,2.6507184247950386
Northwest,2023-08-12,region,2.0444589779342266,3.554790989529938,3.4136582749513593
Northwest,2023-08-19,region,3.4833360425180806,3.022151101825462,3.372713760481696
Northwest,2023-08-26,region,4.2660312922132135,4.868595140570212,3.3240922595899685
Northwest,2023-09-02,region,2.365413701601755,5.3023533815671575,3.0985524684211185
Northwest,2023-09-09,region,2.8549544366346296,6.083733058843824,2.291137544266862
Northwest,2023-09-16,region,0.9683018836677384,6.4917109038159415,1.629721081972851
Northwest,2023-09-23,region,1.7401021350724613,6.915612828266897,1.5677827170269913
Northwest,2023-09-30,region,1.4624071676380908,5.626274763396499,1.2270447073569044
Northwest,2023-10-07,region,1.5378549588899957,6.040504296746639,1.5751316550550865
Northwest,2023-10-14,region,1.1445664895728909,6.927350708217237,1.6508894953623012
Northwest,2023-10-21,region,2.3826750645995194,7.81885262924461,1.7902551701270215
Northwest,2023-10-28,region,1.88039486550977,8.117482470844536,1.832820264387189
Northwest,2023-11-04,region,1.7073339973188462,5.631279350146366,2.0455112869118524
Northwest,2023-11-11,region,2.021943771687762,6.788405693642421,1.717450602738585
Northwest,2023-11-18,region,2.818706871974809,6.851901069623451,3.082142362680626
Northwest,2023-11-25,region,2.8623228049227314,7.246846055811456,4.179068719429284
Northwest,2023-12-02,region,7.35309592108224,10.24258414871978,3.9447521761569364
Northwest,2023-12-09,region,3.866028985688626,10.398959334836965,5.867979744436349
Northwest,2023-12-16,region,3.777941781139005,12.644473466602816,6.864429059448432
Northwest,2023-12-23,region,12.374022453957082,15.028790789799151,6.209864107156995
Northwest,2023-12-30,region,5.346238256337228,19.47018069083005,7.740273896420056
Northwest,2024-01-06,region,6.05312388992164,16.242650818299513,10.51140241697792
Northwest,2024-01-13,region,13.003678968463262,10.72478357437762,8.344273539128114
Northwest,2024-01-20,region,14.02679915512074,8.912551074460403,9.161729517999442
Northwest,2024-01-27,region,1.689250543336887,6.3903696606652645,10.722055682777748
Northwest,2024-02-03,region,16.31698410945752,7.9884433727868975,13.02525203346303
Southwest,2020-03-07,region,,0.0,
Southwest,2020-03-14,region,,0.0,
Southwest,2020-03-21,region,,0.0,
Southwest,2020-03-28,region,,0.0,
Southwest,2020-04-04,region,,0.0,
Southwest,2020-04-11,region,,0.0,
Southwest,2020-04-18,region,,0.0,
Southwest,2020-04-25,region,,0.0,
Southwest,2020-05-02,region,,0.0,
Southwest,2020-05-09,region,,0.0,
Southwest,2020-05-16,region,,0.0,
Southwest,2020-05-23,region,,0.0,
Southwest,2020-05-30,region,,0.0,
Southwest,2020-06-06,region,,0.0,
Southwest,2020-06-13,region,,0.0,
Southwest,2020-06-20,region,,0.0,
Southwest,2020-06-27,region,,0.0,
Southwest,2020-07-04,region,,0.0,
Southwest,2020-07-11,region,,0.0,
Southwest,2020-07-18,region,,2.9392318941735827,
Southwest,2020-07-25,region,,7.488072098582977,
Southwest,2020-08-01,region,,9.36244597046742,
Southwest,2020-08-08,region,,11.797820090681094,
Southwest,2020-08-15,region,,11.269160084408204,
Southwest,2020-08-22,region,,9.85924680879503,
Southwest,2020-08-29,region,,10.411434166877257,
Southwest,2020-09-05,region,,15.024045091854289,
Southwest,2020-09-12,region,,11.539055024840463,
Southwest,2020-09-19,region,,9.659943097813205,
Southwest,2020-09-26,region,,10.540068790718347,
Southwest,2020-10-03,region,,15.388913183862092,
Southwest,2020-10-10,region,,16.836462191147433,
Southwest,2020-10-17,region,,23.4401940458285,
Southwest,2020-10-24,region,,30.88325229768353,
Southwest,2020-10-31,region,,29.80026879217566,
Southwest,2020-11-07,region,,32.19132729798331,
Southwest,2020-11-14,region,,33.18189654920189,
Southwest,2020-11-21,region,,43.52660396047139,
Southwest,2020-11-28,region,,47.1989675675301,
Southwest,2020-12-05,region,,54.392243891838206,
Southwest,2020-12-12,region,,61.11230137282045,
Southwest,2020-12-19,region,,69.57152285345603,
Southwest,2020-12-26,region,,65.35135930102507,
Southwest,2021-01-02,region,,78.37998869229286,
Southwest,2021-01-09,region,,80.66371565083159,
Southwest,2021-01-16,region,,80.32706795364092,
Southwest,2021-01-23,region,,61.43914628488597,
Southwest,2021-01-30,region,,54.97818919608076,
Southwest,2021-02-06,region,,48.84362922316589,
Southwest,2021-02-13,region,,44.5412078298574,
Southwest,2021-02-20,region,,34.26292904824236,
Southwest,2021-02-27,region,,31.28742014470593,
Southwest,2021-03-06,region,,29.57542631251589,
Southwest,2021-03-13,region,,25.295815940634853,
Southwest,2021-03-20,region,,27.809331506248952,
Southwest,2021-03-27,region,,20.27163323163076,
Southwest,2021-04-03,region,,22.38372892446343,
Southwest,2021-04-10,region,,20.63839469519295,
Southwest,2021-04-17,region,,20.43602020931805,
Southwest,2021-04-24,region,,23.630611706986446,
Southwest,2021-05-01,region,,16.65267811418715,
Southwest,2021-05-08,region,,17.772587791163694,
Southwest,2021-05-15,region,,12.993809427091325,
Southwest,2021-05-22,region,,11.622283892076368,
Southwest,2021-05-29,region,,11.176999970568644,
Southwest,2021-06-05,region,,8.417182940298005,
Southwest,2021-06-12,region,,6.28431246932846,
Southwest,2021-06-19,region,,4.5936872998126415,
Southwest,2021-06-26,region,,4.705336504715243,
Southwest,2021-07-03,region,,5.298686961837643,
Southwest,2021-07-10,region,,4.947340794687412,
Southwest,2021-07-17,region,,5.849098054866262,
Southwest,2021-07-24,region,,11.826758551122987,
Southwest,2021-07-31,region,,15.80272965433064,
Southwest,2021-08-07,region,,22.30720584521591,
Southwest,2021-08-14,region,,36.521484854210655,
Southwest,2021-08-21,region,,39.57160277282448,
Southwest,2021-08-28,region,,51.00063575010522,
Southwest,2021-09-04,region,,60.722720047421895,
Southwest,2021-09-11,region,,64.60847047406583,
Southwest,2021-09-18,region,,63.9400477467606,
Southwest,2021-09-25,region,,61.5193929547344,
Southwest,2021-10-02,region,,52.92593523093571,
Southwest,2021-10-09,region,,42.67906543173802,
Southwest,2021-10-16,region,,42.420989604909,
Southwest,2021-10-23,region,,33.42179113340531,
Southwest,2021-10-30,region,4.161913788954785,29.847844815407505,3.6368209172075905
Southwest,2021-11-06,region,0.9876960213197864,26.64290933336453,2.6578812806735446
Southwest,2021-11-13,region,3.803451580619909,24.971093153205967,2.445210584308292
Southwest,2021-11-20,region,2.932932654728436,26.94151725253077,2.9988088281118355
Southwest,2021-11-27,region,5.192318071694244,33.639500091553934,5.223910369185353
Southwest,2021-12-04,region,4.622561618194452,34.50020619481194,5.512001968001405
Southwest,2021-12-11,region,10.018553223634314,43.75718493593297,7.843568574427229
Southwest,2021-12-18,region,5.733848378313905,43.07721336347812,7.612567207484723
Southwest,2021-12-25,region,13.13227885459516,45.66925179595054,11.56280997569407
Southwest,2022-01-01,region,8.33065897546501,61.59709999350599,13.885637275637997
Southwest,2022-01-08,region,23.826522698992527,74.32836359934944,16.581250818160857
Southwest,2022-01-15,region,12.892045573377985,90.69785528278774,13.999891596112743
Southwest,2022-01-22,region,12.154807384595305,84.0883993858164,13.09052375909652
Southwest,2022-01-29,region,5.1545904827857605,93.25927772155794,9.104838878579491
Southwest,2022-02-05,region,13.162883331183776,76.10903131364492,8.483692934263853
Southwest,2022-02-12,region,6.38468461386092,65.57125417871465,6.662778212653003
Southwest,2022-02-19,region,3.481903193868671,49.6465899936231,5.0789866997524635
Southwest,2022-02-26,region,2.172161433630877,37.60654424032419,1.756084318988766
Southwest,2022-03-05,region,1.1569049808437404,26.346823883988925,1.2150466032385578
Southwest,2022-03-12,region,0.8529309588704344,14.675671173135806,0.8376489209469409
Southwest,2022-03-19,region,0.7736442203765348,10.336659365737642,0.5908669161698226
Southwest,2022-03-26,region,0.3650917839590675,7.020642251311723,0.44495451367230476
Southwest,2022-04-02,region,0.3055689222807214,5.656962497621622,0.22205600315929114
Southwest,2022-04-09,region,0.1792698010790627,3.1471706936684343,0.2253353023694203
Southwest,2022-04-16,region,0.2348344373498148,3.483223763739024,0.47078790247012664
Southwest,2022-04-23,region,1.0307749776434512,3.025999561999221,0.7561365018044519
Southwest,2022-04-30,region,1.2027896298166612,4.090767188621278,1.1979385269403633
Southwest,2022-05-07,region,1.4062279351425755,8.314036296812947,1.3895629993588892
Southwest,2022-05-14,region,2.053829036356506,8.633290474076839,2.0954380323466717
Southwest,2022-05-21,region,2.1961433193230104,14.391591545830543,2.9272586150050786
Southwest,2022-05-28,region,4.706785286350071,15.120634578263472,3.598906564228148
Southwest,2022-06-04,region,3.827003447611145,14.851327934179844,4.099769786022007
Southwest,2022-06-11,region,3.879186572510888,16.06468643091355,4.345488182257982
Southwest,2022-06-18,region,4.247965356790711,17.84320914074616,3.2979083498908377
Southwest,2022-06-25,region,3.71717886780493,16.802124027568315,4.060929904594131
Southwest,2022-07-02,region,2.6142364151944,18.088016964005583,4.3000792185112955
Southwest,2022-07-09,region,7.984011903719429,18.31380011864709,5.610674898809552
Southwest,2022-07-16,region,4.924761621768582,24.2526732616862,6.885041990640505
Southwest,2022-07-23,region,8.98247186871297,25.328984785084163,7.399592137189339
Southwest,2022-07-30,region,6.450460084392846,27.017804724276942,6.651136914326017
Southwest,2022-08-06,region,5.723041973337935,28.865153368733672,6.318819743659059
Southwest,2022-08-13,region,5.814943618883333,30.756518669281373,5.218826864535143
Southwest,2022-08-20,region,4.981760178363017,31.17030009550614,5.937898755524201
Southwest,2022-08-27,region,6.500837156936658,32.00761404200958,6.545262737394459
Southwest,2022-09-03,region,8.113501036856869,24.81412701120863,7.230551162505253
Southwest,2022-09-10,region,6.33992044962584,24.981761096084828,6.539386713458869
Southwest,2022-09-17,region,5.822709081722016,23.013444494313607,4.767686640224886
Southwest,2022-09-24,region,1.3904995136256555,20.927045422929595,3.0533968143292913
Southwest,2022-10-01,region,2.1900362655894803,14.232430926230071,2.125655228481028
Southwest,2022-10-08,region,2.46450075015316,17.088574554262866,1.7243152848093048
Southwest,2022-10-15,region,1.9374485519783944,14.09522219473098,2.2708795923643086
Southwest,2022-10-22,region,2.211063822773633,14.327908515997246,2.1789750063016435
Southwest,2022-10-29,region,2.4825325106189178,13.65615315359098,2.4189910100366587
Southwest,2022-11-05,region,2.5818815815664826,13.126022764168264,2.9570543722242784
Southwest,2022-11-12,region,3.4989662333224034,13.755915082829905,2.810497307518075
Southwest,2022-11-19,region,3.3584158225997003,11.393437061567134,3.382416369413966
Southwest,2022-11-26,region,2.348781775033361,11.400040727707689,3.7578225943817762
Southwest,2022-12-03,region,5.5929599058919885,13.022022876724323,3.396106585552944
Southwest,2022-12-10,region,3.562057245888416,18.00814461273345,4.214865477260769
Southwest,2022-12-17,region,3.6273797943329606,20.721587907977987,6.163990559184128
Southwest,2022-12-24,region,8.628484777158002,20.63922360059293,6.6060713907075055
Southwest,2022-12-31,region,8.979615955733612,33.23922259771964,6.981215278248503
Southwest,2023-01-07,region,4.0556364952763655,34.16960750659425,6.4344373352900215
Southwest,2023-01-14,region,4.490515073679166,27.621831757214665,4.451846585955629
Southwest,2023-01-21,region,4.793044296891304,23.36924862558609,4.140472781961263
Southwest,2023-01-28,region,3.5484426179014505,19.825232961788853,4.68963026968249
Southwest,2023-02-04,region,5.682059065140635,19.16979545809289,4.072026306773374
Southwest,2023-02-11,region,3.044491288160086,18.65828041658289,3.296427838161375
Southwest,2023-02-18,region,1.8506144645673028,15.617786661451367,2.9387721106412785
Southwest,2023-02-25,region,2.384705293565185,13.560887846859847,2.014473988062769
Southwest,2023-03-04,region,2.747925367298364,12.42647555766598,1.9288683296197395
Southwest,2023-03-11,region,1.004167240185025,11.166594333575471,1.7566908645529316
Southwest,2023-03-18,region,1.381039875793125,5.224479336184594,1.3440268168420688
Southwest,2023-03-25,region,1.3342291481682145,6.62466485259514,1.1706162466590828
Southwest,2023-04-01,region,1.1840141901490886,5.631690726907863,1.2273301339034712
Southwest,2023-04-08,region,1.2497511960999423,4.274107258967632,1.1354510422388562
Southwest,2023-04-15,region,0.7064459136241195,3.6416597844338505,0.9619962426063434
Southwest,2023-04-22,region,1.1360857362806844,3.0114154123466235,0.8202130639017289
Southwest,2023-04-29,region,0.4477060050416674,0.6439222294905668,0.6161436804993532
Southwest,2023-05-06,region,0.6424620920776214,2.921987707512002,0.6672393439961557
Southwest,2023-05-13,region,0.480824404128868,2.4210345209020967,0.6058792591212088
Southwest,2023-05-20,region,0.9642601380070904,1.841087797057192,0.6439119240740521
Southwest,2023-05-27,region,0.4722683356311957,1.1839502794428194,0.5806500633696654
Southwest,2023-06-03,region,0.3851956586610978,2.4591547339190827,0.5319387459664433
Southwest,2023-06-10,region,0.5668941205938784,1.4483039741288466,0.47151305248384606
Southwest,2023-06-17,region,0.5335965943387675,1.1044222884008683,0.4668959185071325
Southwest,2023-06-24,region,0.6462760357313336,1.4207423467082958,0.6008437031384584
Southwest,2023-07-01,region,0.5031755490344949,1.1328636676337882,0.8676466874440592
Southwest,2023-07-08,region,1.4649798807486294,0.7231494977548553,1.2507557437043186
Southwest,2023-07-15,region,1.726039015578312,1.1965890120997458,1.516396184761969
Southwest,2023-07-22,region,1.8071512471797504,1.831814274372272,1.8675870357847117
Southwest,2023-07-29,region,1.8286822975911488,3.3697633887933534,2.0746762955223383
Southwest,2023-08-05,region,2.786880732515705,2.1426480674977624,2.5131133515192965
Southwest,2023-08-12,region,3.25414479976006,2.939154909170304,3.8614024566406258
Southwest,2023-08-19,region,4.403678719929788,5.1224989666305705,4.578151054034315
Southwest,2023-08-26,region,6.205079599992004,4.965194550278401,4.348142725094168
Southwest,2023-09-02,region,2.659950960965136,7.007942618313892,3.67079644336168
Southwest,2023-09-09,region,2.0615278942802995,10.34360039498312,2.798752684447112
Southwest,2023-09-16,region,2.439797337712898,11.992890982167037,2.0668375815926674
Southwest,2023-09-23,region,2.5773574776012524,10.997071128293298,2.0754691197272317
Southwest,2023-09-30,region,1.897666235780602,13.576034091355885,2.1161305154257257
Southwest,2023-10-07,region,1.3854983860434171,11.896598287102885,1.9532823162013542
Southwest,2023-10-14,region,2.751304594469408,12.579305822620425,2.0184683088935502
Southwest,2023-10-21,region,2.036154008189178,13.943595726506558,2.340873955170624
Southwest,2023-10-28,region,2.767162412760539,17.046347502543846,2.9531310486181965
Southwest,2023-11-04,region,3.1204915151689154,12.321262652872653,2.7636135704809726
Southwest,2023-11-11,region,3.964082137098332,16.750474997376088,3.643548325839805
Southwest,2023-11-18,region,2.8347107155533284,17.395269038317288,4.531801891066129
Southwest,2023-11-25,region,6.65250395376199,20.049500772139567,5.133487244098015
Southwest,2023-12-02,region,5.57598229228759,25.271997967234583,4.972823774879328
Southwest,2023-12-09,region,4.4648742192475295,22.525534559052865,5.490293107225334
Southwest,2023-12-16,region,4.137169818010486,21.12367547578928,5.232970601052769
Southwest,2023-12-23,region,7.147161569049624,25.06747938806856,5.147696020429374
Southwest,2023-12-30,region,4.9832260410587175,30.14246670686065,5.179826870880682
Southwest,2024-01-06,region,3.556318963131607,27.266810528021303,4.708266348862738
Southwest,2024-01-13,region,4.781252335654033,24.0688115247359,4.184684859791767
Southwest,2024-01-20,region,4.076309607251354,15.310440643323428,3.9512089960574297
Southwest,2024-01-27,region,5.001791784481158,14.605820676883647,3.9874980829994398
Southwest,2024-02-03,region,3.523443027384676,12.598163319473512,4.293552120617794
Virginia,2020-02-22,state,,0.0,
Virginia,2020-03-07,state,,0.0,
Virginia,2020-03-14,state,,0.0,
Virginia,2020-03-21,state,,0.0,
Virginia,2020-03-28,state,,0.0,
Virginia,2020-04-04,state,,0.0,
Virginia,2020-04-11,state,,0.0,
Virginia,2020-04-18,state,,0.0,
Virginia,2020-04-25,state,,0.0,
Virginia,2020-05-02,state,,0.0,
Virginia,2020-05-09,state,,0.0,
Virginia,2020-05-16,state,,0.0,
Virginia,2020-05-23,state,,0.0,
Virginia,2020-05-30,state,,0.0,
Virginia,2020-06-06,state,,0.0,
Virginia,2020-06-13,state,,0.0,
Virginia,2020-06-20,state,,0.0,
Virginia,2020-06-27,state,,0.0,
Virginia,2020-07-04,state,,0.0,
Virginia,2020-07-11,state,,0.0,
Virginia,2020-07-18,state,,40.5337401398301,
Virginia,2020-07-25,state,,64.42615530167235,
Virginia,2020-08-01,state,,54.46711310021978,
Virginia,2020-08-08,state,,47.7215712008536,
Virginia,2020-08-15,state,,58.36407529098064,
Virginia,2020-08-22,state,,49.25490273361876,
Virginia,2020-08-29,state,,55.22542532695339,
Virginia,2020-09-05,state,,60.60294690695306,
Virginia,2020-09-12,state,,54.66816270577196,
Virginia,2020-09-19,state,,51.04268176421119,
Virginia,2020-09-26,state,,43.75286074644017,
Virginia,2020-10-03,state,,52.3124254746656,
Virginia,2020-10-10,state,,63.65566179550522,
Virginia,2020-10-17,state,,62.757780875498064,
Virginia,2020-10-24,state,,69.65830218671152,
Virginia,2020-10-31,state,,71.98983825325668,
Virginia,2020-11-07,state,,88.65264842751591,
Virginia,2020-11-14,state,,110.05477661639657,
Virginia,2020-11-21,state,,127.1535260968428,
Virginia,2020-11-28,state,,156.3098407194509,
Virginia,2020-12-05,state,,184.08765922166,
Virginia,2020-12-12,state,,211.743377270229,
Virginia,2020-12-19,state,,233.1838753065102,
Virginia,2020-12-26,state,,245.7743651773936,
Virginia,2021-01-02,state,,269.91168874125543,
Virginia,2021-01-09,state,,301.13345147371604,
Virginia,2021-01-16,state,,309.1937442561126,
Virginia,2021-01-23,state,,278.4841334682327,
Virginia,2021-01-30,state,,251.1034983443457,
Virginia,2021-02-06,state,,224.74157604792407,
Virginia,2021-02-13,state,,181.6260068957836,
Virginia,2021-02-20,state,,158.80094791258745,
Virginia,2021-02-27,state,,138.88526009658318,
Virginia,2021-03-06,state,,121.34410719619711,
Virginia,2021-03-13,state,,112.0902765681842,
Virginia,2021-03-20,state,,108.2343575283953,
Virginia,2021-03-27,state,,108.49848533358109,
Virginia,2021-04-03,state,,110.29772886781625,
Virginia,2021-04-10,state,,114.10636426026755,
Virginia,2021-04-17,state,,111.13703283049608,
Virginia,2021-04-24,state,,110.73106212837511,
Virginia,2021-05-01,state,,82.24327239867586,
Virginia,2021-05-08,state,,81.91367658334751,
Virginia,2021-05-15,state,,62.6462085497931,
Virginia,2021-05-22,state,,54.03363528897536,
Virginia,2021-05-29,state,,47.33395594153093,
Virginia,2021-06-05,state,,33.42991132697443,
Virginia,2021-06-12,state,,25.23536866941937,
Virginia,2021-06-19,state,,22.117085411390747,
Virginia,2021-06-26,state,,18.440937139626588,
Virginia,2021-07-03,state,,15.569313439709498,
Virginia,2021-07-10,state,,19.15636937970427,
Virginia,2021-07-17,state,,27.496932379932,
Virginia,2021-07-24,state,,41.72203402480317,
Virginia,2021-07-31,state,,55.314641130245285,
Virginia,2021-08-07,state,,83.43527590805175,
Virginia,2021-08-14,state,,134.12777848681048,
Virginia,2021-08-21,state,,155.22131171645938,
Virginia,2021-08-28,state,,192.8232143373,
Virginia,2021-09-04,state,,215.4766284948064,
Virginia,2021-09-11,state,,226.2377072054485,
Virginia,2021-09-18,state,,227.32162214553773,
Virginia,2021-09-25,state,,218.21448001619984,
Virginia,2021-10-02,state,,186.16067884488444,
Virginia,2021-10-09,state,,164.42438662799387,
Virginia,2021-10-16,state,,148.30026797362382,
Virginia,2021-10-23,state,,122.0700131766505,
Virginia,2021-10-30,state,3.25641864807798,100.07111515554176,2.5934007992458037
Virginia,2021-11-06,state,1.7036269608125925,85.6826744936073,2.5248749864411426
Virginia,2021-11-13,state,2.961911777358804,86.0696314080662,3.008045539889279
Virginia,2021-11-20,state,3.772951041446277,79.45289035431287,4.042912459590217
Virginia,2021-11-27,state,4.983375098961394,94.07194177817505,6.637493935829307
Virginia,2021-12-04,state,10.182489030618951,121.54082897443644,7.091965717138954
Virginia,2021-12-11,state,9.163363787394664,160.28555409970147,8.294435754855796
Virginia,2021-12-18,state,6.098733122670522,160.42031243182043,11.54593649678478
Virginia,2021-12-25,state,15.458902705091951,177.17063427498718,13.912608436328078
Virginia,2022-01-01,state,20.71432995439772,332.7612578600766,16.93487855991313
Virginia,2022-01-08,state,15.34188556913021,473.5851465674818,17.94841967292037
Virginia,2022-01-15,state,15.038345121750227,490.8545492524874,13.810420440611011
Virginia,2022-01-22,state,9.628548363207257,457.8370217254288,9.207394865399392
Virginia,2022-01-29,state,4.028661634514136,396.6926732694303,6.189576350561632
Virginia,2022-02-05,state,4.1916797749985415,303.67003737678385,3.42257277558197
Virginia,2022-02-12,state,2.809311515120368,230.01044782545856,2.5257239463780583
Virginia,2022-02-19,state,2.000047840695492,167.62271292379796,2.188068624624757
Virginia,2022-02-26,state,1.6523337018916566,117.4780700447607,1.3937191867751242
Virginia,2022-03-05,state,0.7806163544352327,70.73768674553052,1.0355445454455365
Virginia,2022-03-12,state,0.8401650945468937,47.53024457865739,0.8064828036097289
Virginia,2022-03-19,state,0.7736442203765348,38.05554778794453,0.6284715272642654
Virginia,2022-03-26,state,0.6876624791485129,24.27277769547341,0.6860952550745814
Virginia,2022-04-02,state,0.6452365483120478,23.993791168815388,0.7718765800188835
Virginia,2022-04-09,state,1.1787321083585764,16.787522663744053,1.2930436882325287
Virginia,2022-04-16,state,1.7071902547254183,17.061429230859115,1.6933358752991132
Virginia,2022-04-23,state,2.633894209521202,27.940435770801287,2.144823585760899
Virginia,2022-04-30,state,1.8145748745539163,28.603981546905622,2.197390552092015
Virginia,2022-05-07,state,2.635072809688061,45.122493048486405,2.4369974839771182
Virginia,2022-05-14,state,2.3387482994307,57.48225377531732,2.926663534834007
Virginia,2022-05-21,state,3.97548804447596,77.12752120791092,3.4509092000550425
Virginia,2022-05-28,state,4.301133900372669,83.32285335164975,4.1068327078572615
Virginia,2022-06-04,state,3.827003447611145,88.1314180625738,4.616446550215623
Virginia,2022-06-11,state,5.477847665892948,96.95411893272468,4.772235718889618
Virginia,2022-06-18,state,4.429520833361862,96.80183358910384,4.1658827544808315
Virginia,2022-06-25,state,4.527533005497894,89.75530715957113,4.747054581564517
Virginia,2022-07-02,state,3.101076939533275,98.34417076452436,4.743466559691231
Virginia,2022-07-09,state,7.86868268923432,106.09348464084393,5.468614602046797
Virginia,2022-07-16,state,4.7868778165804216,118.15197208245792,6.080051224510948
Virginia,2022-07-23,state,6.582767804825706,120.19316050743214,6.407984724671368
Virginia,2022-07-30,state,6.0197307412934284,129.9477231662162,5.616328874090369
Virginia,2022-08-06,state,5.421564498588835,130.27763792440334,5.596243998437018
Virginia,2022-08-13,state,5.009967223663679,137.22990924802858,5.193106533210143
Virginia,2022-08-20,state,4.93718619795364,128.32211730384978,5.15980022395887
Virginia,2022-08-27,state,5.797060843932209,121.9206668034766,5.2855031718702215
Virginia,2022-09-03,state,5.225938346756605,114.96056234196207,5.833635900078148
Virginia,2022-09-10,state,5.474857070782043,111.08680636298168,5.310273421942263
Virginia,2022-09-17,state,5.586975226335937,100.79701120377872,4.133416311731522
Virginia,2022-09-24,state,1.6296359197410617,83.41361474571445,3.1357145851326242
Virginia,2022-10-01,state,2.045728484177329,67.12933276257287,2.281811304585837
Virginia,2022-10-08,state,2.577460393032849,81.28627333355514,1.9765831388863166
Virginia,2022-10-15,state,2.5293715557067284,67.61937302779721,2.568355445705718
Virginia,2022-10-22,state,2.521983037073076,62.46703972213457,2.6014163408138335
Virginia,2022-10-29,state,2.632741745846109,67.65435111587017,2.5582814785209242
Virginia,2022-11-05,state,2.571467980675406,76.79625165561049,2.6204295974424623
Virginia,2022-11-12,state,2.676073032254104,72.46957852675641,2.383252753073081
Virginia,2022-11-19,state,2.863700128145549,65.13083813996866,3.1498935581867595
Virginia,2022-11-26,state,2.961224685639941,57.94572278825465,3.8157389953074765
Virginia,2022-12-03,state,6.516572642240905,80.06178371460965,4.736004582046944
Virginia,2022-12-10,state,4.860280429758968,94.48595672084822,5.975230718453611
Virginia,2022-12-17,state,7.172907472514896,118.18259134433067,7.708335428928608
Virginia,2022-12-24,state,8.923309851283594,117.79225290406104,8.553452009482662
Virginia,2022-12-31,state,10.302600981900683,174.7288609047889,9.202156920704658
Virginia,2023-01-07,state,7.785960743751962,172.7439324744991,8.19803370235223
Virginia,2023-01-14,state,6.299652861196947,142.26880048037847,6.515641658981586
Virginia,2023-01-21,state,4.912827625169031,122.53787331928106,5.108515263054937
Virginia,2023-01-28,state,4.55956899989045,104.10369128857126,4.945238335415823
Virginia,2023-02-04,state,5.100857823048802,94.8353517469114,4.9385616322639
Virginia,2023-02-11,state,5.160778877577479,90.24753792755716,4.4577501947356115
Virginia,2023-02-18,state,3.479232186813657,75.19295251416153,3.4381940093581407
Virginia,2023-02-25,state,1.447585731080784,62.748882805957926,1.989474744463311
Virginia,2023-03-04,state,1.0945235276724916,55.95917425163578,1.044710886078566
Virginia,2023-03-11,state,0.6348724077536357,46.35504979896685,0.9022005630956703
Virginia,2023-03-18,state,1.4909514903243146,36.982405380857095,1.1908479092987898
Virginia,2023-03-25,state,1.403239097661528,27.81784049451776,1.3044461633892672
Virginia,2023-04-01,state,1.302377624923427,27.50760921621852,1.3114913349844106
Virginia,2023-04-08,state,0.976527682556404,23.34343023879928,1.082628005706435
Virginia,2023-04-15,state,0.9172160797638484,18.11006041014189,0.9298991753552228
Virginia,2023-04-22,state,0.904341957928101,17.022846938143534,0.8124446609819194
Virginia,2023-04-29,state,0.6794540361518113,8.021088794553144,0.7124108890769336
Virginia,2023-05-06,state,0.6584322533484842,9.438340629931195,0.7062365362545947
Virginia,2023-05-13,state,0.5746005391190938,11.731220244713626,0.6316555216042969
Virginia,2023-05-20,state,0.8472946708213097,11.068102658119429,0.6192035898016652
Virginia,2023-05-27,state,0.3614318452194405,6.6795568365850295,0.5412148059133501
Virginia,2023-06-03,state,0.5528865467098752,9.373930218003164,0.5189506015922466
Virginia,2023-06-10,state,0.4095149719084366,5.8281434666930085,0.4663403129483958
Virginia,2023-06-17,state,0.6005406619642364,10.405478705673891,0.372956159301278
Virginia,2023-06-24,state,0.3961145082088365,10.11415642365286,0.41007622697821117
Virginia,2023-07-01,state,0.2860356010648175,10.704515714903929,0.8547996697944279
Virginia,2023-07-08,state,1.4996924610058302,10.789920621123883,1.1473468264457911
Virginia,2023-07-15,state,2.0512537872084016,8.068336072426089,1.4533521974154546
Virginia,2023-07-22,state,1.2813256803798971,11.62537000056554,1.99072645786994
Virginia,2023-07-29,state,2.129269721578132,14.077244925282574,2.2779306223102815
Virginia,2023-08-05,state,3.4890880822799173,16.41921473521799,2.919794688881251
Virginia,2023-08-12,state,3.320717813918696,28.046972694594988,3.9496282938854175
Virginia,2023-08-19,state,4.403678719929788,36.47263180947153,4.038452550866095
Virginia,2023-08-26,state,4.380179474473215,44.043942953639046,3.7364710813344573
Virginia,2023-09-02,state,2.3125637832448307,45.46944016601975,3.1075149946951104
Virginia,2023-09-09,state,2.685023677545023,60.84650954020086,2.466267591396064
Virginia,2023-09-16,state,1.765933471084009,58.24981549138376,2.1219917721619086
Virginia,2023-09-23,state,2.594375725714998,62.79043061707928,2.093937769698308
Virginia,2023-09-30,state,1.7954190050879824,59.28949610028181,1.847588938421797
Virginia,2023-10-07,state,1.5198464589000813,57.085701025197686,1.814184818136453
Virginia,2023-10-14,state,1.7727673081090765,52.92810177365854,1.604273413564401
Virginia,2023-10-21,state,1.849976709468932,59.92975366365864,1.8776761347155049
Virginia,2023-10-28,state,1.875676137000608,53.70778522275243,1.9574540551627806
Virginia,2023-11-04,state,2.3815512284805016,44.53801703979017,1.9469544126007117
Virginia,2023-11-11,state,1.7613269299404242,57.00175550589864,2.120145300315876
Virginia,2023-11-18,state,2.4874776123154225,56.73030281333046,2.84639553555954
Virginia,2023-11-25,state,3.5368313427648554,62.69687189137543,3.432398266585204
Virginia,2023-12-02,state,4.778989634041842,83.92406209320158,3.731589749318172
Virginia,2023-12-09,state,3.578628494627588,77.92026341729353,4.347931403161208
Virginia,2023-12-16,state,3.7665115479756968,86.44106823464517,4.744753064290631
Virginia,2023-12-23,state,6.5108076739792615,106.15195742875858,4.578502873838268
Virginia,2023-12-30,state,5.092404456857283,139.58326727174406,5.097330522298837
Virginia,2024-01-06,state,4.901451542267741,140.41264616491156,7.676890166349228
Virginia,2024-01-13,state,9.231425119425738,122.06249064013896,8.207524634361636
Virginia,2024-01-20,state,14.45649927007832,91.9530769141352,9.94828518687794
Virginia,2024-01-27,state,7.203671248230014,81.17077975341687,12.123454628550665
Virginia,2024-02-03,state,16.138137577882862,76.2867323931346,14.733032959379809
