geo_value,time_value,geo_res,viral_activity_level,hosp_fac_BOW_7d_avg
Central,2020-03-07,region,,0.0
Central,2020-03-14,region,,0.0
Central,2020-03-21,region,,0.0
Central,2020-03-28,region,,0.0
Central,2020-04-04,region,,0.0
Central,2020-04-11,region,,0.0
Central,2020-04-18,region,,0.0
Central,2020-04-25,region,,0.0
Central,2020-05-02,region,,0.0
Central,2020-05-09,region,,0.0
Central,2020-05-16,region,,0.0
Central,2020-05-23,region,,0.0
Central,2020-05-30,region,,0.0
Central,2020-06-06,region,,0.0
Central,2020-06-13,region,,0.0
Central,2020-06-20,region,,0.0
Central,2020-06-27,region,,0.0
Central,2020-07-04,region,,0.0
Central,2020-07-11,region,,0.0
Central,2020-07-18,region,,7.624170691193429
Central,2020-07-25,region,,13.401511158865905
Central,2020-08-01,region,,15.335383907400288
Central,2020-08-08,region,,13.457854369986634
Central,2020-08-15,region,,13.702804267679245
Central,2020-08-22,region,,14.804451258042018
Central,2020-08-29,region,,12.42318638958766
Central,2020-09-05,region,,14.128719821328811
Central,2020-09-12,region,,11.442423083664576
Central,2020-09-19,region,,13.378882890850976
Central,2020-09-26,region,,8.52296733241081
Central,2020-10-03,region,,11.112694496093576
Central,2020-10-10,region,,12.48580438005873
Central,2020-10-17,region,,11.6547670089768
Central,2020-10-24,region,,11.871392373006191
Central,2020-10-31,region,,12.74883138804983
Central,2020-11-07,region,,15.01040707004704
Central,2020-11-14,region,,20.5115094554632
Central,2020-11-21,region,,22.167644338939056
Central,2020-11-28,region,,30.12994342495237
Central,2020-12-05,region,,31.666675764491725
Central,2020-12-12,region,,38.35782410810446
Central,2020-12-19,region,,45.18689633858504
Central,2020-12-26,region,,43.995320846490415
Central,2021-01-02,region,,56.16139311222866
Central,2021-01-09,region,,67.79550458575638
Central,2021-01-16,region,,69.16412079843363
Central,2021-01-23,region,,67.5615781422669
Central,2021-01-30,region,,58.74649274308014
Central,2021-02-06,region,,50.717729112841866
Central,2021-02-13,region,,41.47560686534082
Central,2021-02-20,region,,38.25546053487835
Central,2021-02-27,region,,33.15765234817431
Central,2021-03-06,region,,30.50444336026975
Central,2021-03-13,region,,25.01159267759089
Central,2021-03-20,region,,22.08759858452169
Central,2021-03-27,region,,25.08304516870542
Central,2021-04-03,region,,26.88607572548123
Central,2021-04-10,region,,25.90782461436784
Central,2021-04-17,region,,26.044070151075875
Central,2021-04-24,region,,23.87928330308879
Central,2021-05-01,region,,17.115687626298815
Central,2021-05-08,region,,16.9686678637799
Central,2021-05-15,region,,14.180174562974551
Central,2021-05-22,region,,10.885150393786136
Central,2021-05-29,region,,9.995831773558962
Central,2021-06-05,region,,6.301099280695692
Central,2021-06-12,region,,4.028756545900675
Central,2021-06-19,region,,4.193475166385402
Central,2021-06-26,region,,1.912731822542836
Central,2021-07-03,region,,3.2592921977407383
Central,2021-07-10,region,,3.4974070582660066
Central,2021-07-17,region,,6.7170309397757935
Central,2021-07-24,region,,9.073346941380247
Central,2021-07-31,region,,15.749605006581287
Central,2021-08-07,region,,18.82804353253336
Central,2021-08-14,region,,29.85795747480879
Central,2021-08-21,region,,34.35039054543277
Central,2021-08-28,region,,45.95037172224785
Central,2021-09-04,region,,45.98941191104254
Central,2021-09-11,region,,46.65886897910735
Central,2021-09-18,region,,43.97323666299936
Central,2021-09-25,region,,43.06709496529722
Central,2021-10-02,region,,34.17720771619612
Central,2021-10-09,region,,32.38042149826866
Central,2021-10-16,region,,32.1899702173908
Central,2021-10-23,region,,25.72766646156385
Central,2021-10-30,region,1.7466636132408373,22.25909862867216
Central,2021-11-06,region,1.4441883719403794,18.92475881970313
Central,2021-11-13,region,6.519150426908311,19.59393550677788
Central,2021-11-20,region,10.090507672358946,17.125588477252084
Central,2021-11-27,region,8.342948381577713,21.23161442219301
Central,2021-12-04,region,5.730481989574631,27.86956097180138
Central,2021-12-11,region,17.2675268127535,38.47847105844719
Central,2021-12-18,region,3.163305534768853,35.20652032343187
Central,2021-12-25,region,20.88704862629952,38.609351532133225
Central,2022-01-01,region,25.68617147473605,81.52735670056373
Central,2022-01-08,region,12.821862039460202,100.60013801992564
Central,2022-01-15,region,15.310307980918417,115.32570829398732
Central,2022-01-22,region,10.222474242871844,104.25696168116586
Central,2022-01-29,region,6.603753493161065,88.40510183959309
Central,2022-02-05,region,6.65600102957334,62.384944519562026
Central,2022-02-12,region,1.913054319208523,52.521877994990064
Central,2022-02-19,region,2.6791610175442884,34.16114910130148
Central,2022-02-26,region,2.4615413016266228,24.13227920272389
Central,2022-03-05,region,1.3712076209899486,14.70262818991772
Central,2022-03-12,region,0.8443382938623892,11.28919366988568
Central,2022-03-19,region,0.6940987863277668,10.638687853021205
Central,2022-03-26,region,1.0967196157531884,5.470230556656157
Central,2022-04-02,region,1.7655562970824634,4.1015398002362
Central,2022-04-09,region,,3.605387527148368
Central,2022-04-16,region,1.543339856784726,3.675325117088735
Central,2022-04-23,region,2.4979519772269,8.258409028438235
Central,2022-04-30,region,4.130910798479841,5.523700361579012
Central,2022-05-07,region,3.0846838134063854,10.298574121835848
Central,2022-05-14,region,2.350780356100395,14.246566793023494
Central,2022-05-21,region,5.362698957975174,14.635040917270224
Central,2022-05-28,region,1.4221826107441755,20.085019253946204
Central,2022-06-04,region,3.651008329481969,19.69205130332608
Central,2022-06-11,region,3.53293396466943,21.546585559953044
Central,2022-06-18,region,6.956683919279937,18.046767900035213
Central,2022-06-25,region,4.803738480367028,17.871734605650836
Central,2022-07-02,region,2.795708491725679,22.341596661136567
Central,2022-07-09,region,6.004405966576037,24.69151131905857
Central,2022-07-16,region,9.140668798804706,23.40387280793818
Central,2022-07-23,region,1.9151209714284352,24.67256640140705
Central,2022-07-30,region,5.902442851497376,29.74255013047883
Central,2022-08-06,region,4.983826536681648,27.432837851557125
Central,2022-08-13,region,4.325273238285563,27.51243034265672
Central,2022-08-20,region,5.335824366004364,29.464875489562942
Central,2022-08-27,region,2.485605034272313,28.326184047322823
Central,2022-09-03,region,0.2813111832859654,30.68313689055424
Central,2022-09-10,region,3.8513713599530432,24.994888726145987
Central,2022-09-17,region,3.7797090066188073,22.58161290929863
Central,2022-09-24,region,3.671446306775495,17.991033408456982
Central,2022-10-01,region,1.221163037467357,14.92427658701522
Central,2022-10-08,region,1.826458956511468,18.502029052766552
Central,2022-10-15,region,2.0674190929522007,16.436617504054702
Central,2022-10-22,region,0.6265268220696957,14.02636516384573
Central,2022-10-29,region,2.300248423844347,16.744470096464415
Central,2022-11-05,region,6.121215132748231,15.644244806816731
Central,2022-11-12,region,17.23431278427022,15.62151589188009
Central,2022-11-19,region,7.268382609629173,16.18255408607789
Central,2022-11-26,region,29.74985321690992,15.14574816533319
Central,2022-12-03,region,37.98822018984789,18.08976517522124
Central,2022-12-10,region,5.740613728798764,22.923265816039034
Central,2022-12-17,region,5.798572064523194,23.322335491532
Central,2022-12-24,region,136.13770385509525,29.138839458090462
Central,2022-12-31,region,18.37737682412891,36.25771357240599
Central,2023-01-07,region,37.17174690776268,36.01323084304222
Central,2023-01-14,region,5.717338910436002,29.67512170036665
Central,2023-01-21,region,8.114553944654421,25.89832442707212
Central,2023-01-28,region,7.799703928041654,24.09628243931128
Central,2023-02-04,region,5.305552071498729,23.33688082159465
Central,2023-02-11,region,6.327564937007473,21.141996113237177
Central,2023-02-18,region,8.150530630240645,20.41729153029128
Central,2023-02-25,region,1.7806853067961037,15.312215295704997
Central,2023-03-04,region,1.0945235276724916,11.306995313485867
Central,2023-03-11,region,0.6977325626733577,10.264067440012418
Central,2023-03-18,region,2.9040782959336804,9.660506927102867
Central,2023-03-25,region,2.2926375908804806,5.807723244563968
Central,2023-04-01,region,1.8863527799275928,6.67020413690814
Central,2023-04-08,region,0.8995914374110356,5.5563732313119605
Central,2023-04-15,region,0.9081846836726636,3.6042256541673874
Central,2023-04-22,region,1.1273742375349745,4.9851781122845935
Central,2023-04-29,region,0.5447368207709664,2.4769870824689693
Central,2023-05-06,region,0.8085465296577283,2.495932942329087
Central,2023-05-13,region,0.7134562548788002,2.5914751267216296
Central,2023-05-20,region,1.065024757022875,2.3522009971308027
Central,2023-05-27,region,0.8073075243261403,2.16068118045649
Central,2023-06-03,region,0.6057603622397362,2.0733447878221045
Central,2023-06-10,region,0.4095149719084366,1.0483657099605472
Central,2023-06-17,region,0.6440316825815738,2.0636195598730307
Central,2023-06-24,region,0.3427657504750396,1.7019452370597257
Central,2023-07-01,region,0.2161807453432571,2.1427747634043715
Central,2023-07-08,region,0.9189203310177002,2.010638420313778
Central,2023-07-15,region,1.4131034760451693,2.4634355703303634
Central,2023-07-22,region,1.0509432633297433,3.5001231632484915
Central,2023-07-29,region,2.129269721578132,3.029886097013476
Central,2023-08-05,region,4.231878339256193,4.8027599162746295
Central,2023-08-12,region,4.087234967001289,7.141252606535951
Central,2023-08-19,region,5.40267502875344,11.136253292209313
Central,2023-08-26,region,3.5458316686348947,14.292069547216528
Central,2023-09-02,region,2.5561549453285526,12.668450879187086
Central,2023-09-09,region,3.030640467444617,16.77479847600601
Central,2023-09-16,region,2.469642889880685,13.523129924894969
Central,2023-09-23,region,1.9858729251328056,16.121911016025994
Central,2023-09-30,region,1.7044872114209473,14.227728609468771
Central,2023-10-07,region,1.8931737131350743,11.43895745140916
Central,2023-10-14,region,1.8963881971274967,9.963081505022496
Central,2023-10-21,region,0.7013629694801928,9.38856732443164
Central,2023-10-28,region,1.0176036345685653,7.833460193895206
Central,2023-11-04,region,2.4870228832315835,7.654923541251174
Central,2023-11-11,region,1.0720156623278962,10.610569241907983
Central,2023-11-18,region,1.675165931818705,12.28312725483485
Central,2023-11-25,region,2.7109512696927545,15.294007434218654
Central,2023-12-02,region,3.2347752109868373,18.09469532651262
Central,2023-12-09,region,2.232408937548504,14.442907159324449
Central,2023-12-16,region,3.3467297741921795,18.56928087852724
Central,2023-12-23,region,3.485912063767212,27.149161660431066
Central,2023-12-30,region,4.823197553801926,32.885305364343026
Central,2024-01-06,region,5.546083675504379,35.11107146669977
Central,2024-01-13,region,5.799665256110319,27.93950799859936
Central,2024-01-20,region,19.23145833197504,21.55587128952746
Central,2024-01-27,region,8.88902889542976,17.31359832921192
Central,2024-02-03,region,11.528400505232364,15.094465226716595
Eastern,2020-03-07,region,,0.0
Eastern,2020-03-14,region,,0.0
Eastern,2020-03-21,region,,0.0
Eastern,2020-03-28,region,,0.0
Eastern,2020-04-04,region,,0.0
Eastern,2020-04-11,region,,0.0
Eastern,2020-04-18,region,,0.0
Eastern,2020-04-25,region,,0.0
Eastern,2020-05-02,region,,0.0
Eastern,2020-05-09,region,,0.0
Eastern,2020-05-16,region,,0.0
Eastern,2020-05-23,region,,0.0
Eastern,2020-05-30,region,,0.0
Eastern,2020-06-06,region,,0.0
Eastern,2020-06-13,region,,0.0
Eastern,2020-06-20,region,,0.0
Eastern,2020-06-27,region,,0.0
Eastern,2020-07-04,region,,0.0
Eastern,2020-07-11,region,,0.0
Eastern,2020-07-18,region,,24.66968576847225
Eastern,2020-07-25,region,,27.6246528561064
Eastern,2020-08-01,region,,17.152963763052178
Eastern,2020-08-08,region,,12.502901367862586
Eastern,2020-08-15,region,,14.475015378518377
Eastern,2020-08-22,region,,10.77196508386341
Eastern,2020-08-29,region,,16.440947832092444
Eastern,2020-09-05,region,,8.206220857781659
Eastern,2020-09-12,region,,4.907157837545705
Eastern,2020-09-19,region,,4.601576689229797
Eastern,2020-09-26,region,,3.8585676820777786
Eastern,2020-10-03,region,,1.813757172133189
Eastern,2020-10-10,region,,6.895766688809244
Eastern,2020-10-17,region,,5.679926877616067
Eastern,2020-10-24,region,,7.026450785897107
Eastern,2020-10-31,region,,4.769603705556542
Eastern,2020-11-07,region,,11.467109424048132
Eastern,2020-11-14,region,,11.90983488597008
Eastern,2020-11-21,region,,15.863812960711249
Eastern,2020-11-28,region,,17.783751914204785
Eastern,2020-12-05,region,,23.04950808956648
Eastern,2020-12-12,region,,29.21019429879221
Eastern,2020-12-19,region,,34.88297998100644
Eastern,2020-12-26,region,,38.34624869554883
Eastern,2021-01-02,region,,41.53897465939254
Eastern,2021-01-09,region,,48.60309827082408
Eastern,2021-01-16,region,,58.826820894040935
Eastern,2021-01-23,region,,51.51931283501368
Eastern,2021-01-30,region,,51.92995416454483
Eastern,2021-02-06,region,,50.99313961702981
Eastern,2021-02-13,region,,40.93359368729971
Eastern,2021-02-20,region,,35.45487913180525
Eastern,2021-02-27,region,,33.20338862327706
Eastern,2021-03-06,region,,22.477392262336288
Eastern,2021-03-13,region,,25.582947825891026
Eastern,2021-03-20,region,,23.88710226330959
Eastern,2021-03-27,region,,25.27284519529343
Eastern,2021-04-03,region,,25.021573260830632
Eastern,2021-04-10,region,,25.46709840148748
Eastern,2021-04-17,region,,21.31083625693637
Eastern,2021-04-24,region,,21.64281871642323
Eastern,2021-05-01,region,,14.678889823489444
Eastern,2021-05-08,region,,15.32843937424434
Eastern,2021-05-15,region,,12.869476655636388
Eastern,2021-05-22,region,,12.125830273327804
Eastern,2021-05-29,region,,5.551569553630473
Eastern,2021-06-05,region,,3.944199175728597
Eastern,2021-06-12,region,,3.1261295504898245
Eastern,2021-06-19,region,,3.2140542219780683
Eastern,2021-06-26,region,,3.719250109748396
Eastern,2021-07-03,region,,2.6056414146872906
Eastern,2021-07-10,region,,2.766828601356936
Eastern,2021-07-17,region,,6.207241980351851
Eastern,2021-07-24,region,,7.536215210319322
Eastern,2021-07-31,region,,9.84434062124221
Eastern,2021-08-07,region,,19.45145018388779
Eastern,2021-08-14,region,,28.34158387830007
Eastern,2021-08-21,region,,35.08254488180036
Eastern,2021-08-28,region,,44.7178837764296
Eastern,2021-09-04,region,,46.93188755178421
Eastern,2021-09-11,region,,52.21338861498578
Eastern,2021-09-18,region,,49.77501518101676
Eastern,2021-09-25,region,,43.597909195768565
Eastern,2021-10-02,region,,42.10876539511701
Eastern,2021-10-09,region,,30.55638491988272
Eastern,2021-10-16,region,,27.28809202588115
Eastern,2021-10-23,region,,22.25220985781281
Eastern,2021-10-30,region,3.25641864807798,16.17011145358917
Eastern,2021-11-06,region,3.377850691691707,13.404877908255338
Eastern,2021-11-13,region,2.1451373433755814,12.298003872240214
Eastern,2021-11-20,region,3.1664436575251886,10.315095631394792
Eastern,2021-11-27,region,,15.929005675615384
Eastern,2021-12-04,region,8.669533826804237,19.19993056130436
Eastern,2021-12-11,region,15.663326296403874,21.518389109980845
Eastern,2021-12-18,region,6.490190780425156,24.505460044138864
Eastern,2021-12-25,region,15.01245209816416,25.84378166476749
Eastern,2022-01-01,region,122.58968737219652,59.73857189025721
Eastern,2022-01-08,region,11.24474555890162,105.32712688277633
Eastern,2022-01-15,region,9.409298290974773,95.53891706171255
Eastern,2022-01-22,region,5.674185893790389,98.56686538155694
Eastern,2022-01-29,region,2.7644841656266284,78.5049162256953
Eastern,2022-02-05,region,2.982556914939224,65.92746352924709
Eastern,2022-02-12,region,2.809311515120368,36.125821857017606
Eastern,2022-02-19,region,0.6814903758960448,25.5861848059364
Eastern,2022-02-26,region,0.8272383910793104,12.482893008180875
Eastern,2022-03-05,region,0.6447197157292217,6.292549527316807
Eastern,2022-03-12,region,1.0029596819843718,4.753143755371163
Eastern,2022-03-19,region,0.7577387989412,1.4145884356464438
Eastern,2022-03-26,region,0.981084487167414,2.44418670174214
Eastern,2022-04-02,region,0.6683850206880778,1.8913521603921613
Eastern,2022-04-09,region,1.6317939337928242,1.3418856635989034
Eastern,2022-04-16,region,1.9743652806049548,1.2216018535048605
Eastern,2022-04-23,region,2.8074139293338067,5.056704943501363
Eastern,2022-04-30,region,3.154896320321254,2.2787487911745754
Eastern,2022-05-07,region,3.150247562693921,5.01259884725103
Eastern,2022-05-14,region,2.308312140368753,9.297815726686682
Eastern,2022-05-21,region,4.020784803397263,7.8351652643491105
Eastern,2022-05-28,region,6.473267393105366,14.389512914830911
Eastern,2022-06-04,region,2.1314520403319195,14.855564582036802
Eastern,2022-06-11,region,6.100507363810444,22.941633786913304
Eastern,2022-06-18,region,4.086102898395692,20.4607078659998
Eastern,2022-06-25,region,5.526717086029723,16.96074395024141
Eastern,2022-07-02,region,4.3799246334704405,19.47908466756323
Eastern,2022-07-09,region,8.797999509433506,20.154590673757728
Eastern,2022-07-16,region,4.7868778165804216,25.920904384455262
Eastern,2022-07-23,region,4.907743733456174,25.09514547062221
Eastern,2022-07-30,region,8.00378504306652,28.12177357344436
Eastern,2022-08-06,region,4.390108749214792,25.645750725376807
Eastern,2022-08-13,region,5.284034564753296,24.0404903031253
Eastern,2022-08-20,region,2.684550137098982,18.650273057334523
Eastern,2022-08-27,region,4.469223418527565,18.397558058311148
Eastern,2022-09-03,region,4.0238302180833,13.906422331221494
Eastern,2022-09-10,region,4.652549580355824,13.908585635735598
Eastern,2022-09-17,region,5.135030809183812,16.131932801290347
Eastern,2022-09-24,region,1.5544192948726936,12.329595623574978
Eastern,2022-10-01,region,1.1721202877643948,8.850568326548206
Eastern,2022-10-08,region,2.6060524395510094,12.175526116583034
Eastern,2022-10-15,region,3.0824628474198263,10.866394939282014
Eastern,2022-10-22,region,2.184046784546144,12.043151607154028
Eastern,2022-10-29,region,2.8829667199700952,10.550184969283375
Eastern,2022-11-05,region,2.5610543797843293,13.739017831004071
Eastern,2022-11-12,region,2.544603315378629,10.861516592150712
Eastern,2022-11-19,region,2.4408627689664617,10.661695500748642
Eastern,2022-11-26,region,2.9155467815035188,8.484710300048093
Eastern,2022-12-03,region,6.957143719868514,9.910510306366143
Eastern,2022-12-10,region,5.462125049368591,14.135997321592164
Eastern,2022-12-17,region,7.172907472514896,23.081257082255767
Eastern,2022-12-24,region,8.923309851283594,22.23112215806245
Eastern,2022-12-31,region,13.138962969736982,33.68601800790361
Eastern,2023-01-07,region,7.663686657318785,33.921811902352786
Eastern,2023-01-14,region,5.500098927185623,26.683786539813863
Eastern,2023-01-21,region,3.784862245719505,21.859074419680773
Eastern,2023-01-28,region,4.820775637478135,17.124363336746413
Eastern,2023-02-04,region,4.390400797757263,15.174263907552184
Eastern,2023-02-11,region,5.119438374486779,13.503090666442244
Eastern,2023-02-18,region,7.179669641538391,10.83669508787264
Eastern,2023-02-25,region,1.248514641185157,8.469220500896947
Eastern,2023-03-04,region,0.7930960872478018,6.999394621817753
Eastern,2023-03-11,region,0.5476791288694389,7.6212374417748014
Eastern,2023-03-18,region,1.0795532833034094,6.053437680620202
Eastern,2023-03-25,region,2.746903403859472,4.878710096231244
Eastern,2023-04-01,region,2.0025943995136704,4.517321417357401
Eastern,2023-04-08,region,1.4363886189096335,4.755989730283313
Eastern,2023-04-15,region,1.4407338264807323,2.7442117603691507
Eastern,2023-04-22,region,1.093115599191805,3.176598615595194
Eastern,2023-04-29,region,1.3338839688984931,0.7917184400651577
Eastern,2023-05-06,region,,1.422628680542498
Eastern,2023-05-13,region,1.0836975756719405,1.827315915392166
Eastern,2023-05-20,region,1.0997080556832868,1.682765008871732
Eastern,2023-05-27,region,0.2442702493145726,1.1340673145135491
Eastern,2023-06-03,region,1.2371335805960435,1.2623750910924123
Eastern,2023-06-10,region,0.3000382240022983,0.5677048612058844
Eastern,2023-06-17,region,1.5710907070888338,1.2884771422612902
Eastern,2023-06-24,region,0.7988362329694806,0.0836685137798152
Eastern,2023-07-01,region,0.2902471940029734,0.1039057089648188
Eastern,2023-07-08,region,2.82906081489048,0.6318414215970993
Eastern,2023-07-15,region,2.720749555163254,0.639748493465087
Eastern,2023-07-22,region,1.048537105356642,1.7811563121843956
Eastern,2023-07-29,region,5.315188729103313,3.717559044335237
Eastern,2023-08-05,region,3.458977131002056,2.9555864496164284
Eastern,2023-08-12,region,3.530977011059851,5.7127636714558365
Eastern,2023-08-19,region,6.307005043765374,7.407323465182612
Eastern,2023-08-26,region,5.059678046535313,8.398604229478625
Eastern,2023-09-02,region,1.3550670980388464,9.138940606534677
Eastern,2023-09-09,region,3.6778903486370496,9.325904784763566
Eastern,2023-09-16,region,1.1122778421565298,9.389859567920755
Eastern,2023-09-23,region,3.880909972992831,8.942629845028248
Eastern,2023-09-30,region,1.915226185725969,11.280140676510303
Eastern,2023-10-07,region,3.72368468518929,11.677331463215802
Eastern,2023-10-14,region,1.416644088966517,9.69448031313098
Eastern,2023-10-21,region,2.2389784801091914,9.053273471037231
Eastern,2023-10-28,region,1.6255198365520531,7.988895481310009
Eastern,2023-11-04,region,2.616456125298467,4.195367621951161
Eastern,2023-11-11,region,1.6685136851277187,7.656904578418798
Eastern,2023-11-18,region,4.23608457548648,7.480272887839487
Eastern,2023-11-25,region,3.042418424017525,8.770523018634389
Eastern,2023-12-02,region,4.679161559875912,10.724745733305513
Eastern,2023-12-09,region,2.987161747789201,12.369921594656324
Eastern,2023-12-16,region,3.676859575443861,12.989433116894574
Eastern,2023-12-23,region,10.148461336774488,15.870754817085226
Eastern,2023-12-30,region,,24.937578602880503
Eastern,2024-01-06,region,7.677980035878849,23.72484913196139
Eastern,2024-01-13,region,23.013439958763826,21.60824099406362
Eastern,2024-01-20,region,19.10593826476937,14.42544648507287
Eastern,2024-01-27,region,19.463051432406807,13.147222911591737
Eastern,2024-02-03,region,17.122684114101304,11.27915817818733
Northern,2020-02-22,region,,0.0
Northern,2020-03-07,region,,0.0
Northern,2020-03-14,region,,0.0
Northern,2020-03-21,region,,0.0
Northern,2020-03-28,region,,0.0
Northern,2020-04-04,region,,0.0
Northern,2020-04-11,region,,0.0
Northern,2020-04-18,region,,0.0
Northern,2020-04-25,region,,0.0
Northern,2020-05-02,region,,0.0
Northern,2020-05-09,region,,0.0
Northern,2020-05-16,region,,0.0
Northern,2020-05-23,region,,0.0
Northern,2020-05-30,region,,0.0
Northern,2020-06-06,region,,0.0
Northern,2020-06-13,region,,0.0
Northern,2020-06-20,region,,0.0
Northern,2020-06-27,region,,0.0
Northern,2020-07-04,region,,0.0
Northern,2020-07-11,region,,0.0
Northern,2020-07-18,region,,5.02247730849007
Northern,2020-07-25,region,,10.406530942794504
Northern,2020-08-01,region,,8.332369231268991
Northern,2020-08-08,region,,8.090541918514347
Northern,2020-08-15,region,,14.885531343898585
Northern,2020-08-22,region,,11.022245488151071
Northern,2020-08-29,region,,13.105554471206036
Northern,2020-09-05,region,,19.86993929218585
Northern,2020-09-12,region,,21.32512239919657
Northern,2020-09-19,region,,19.56080289323582
Northern,2020-09-26,region,,16.185558141084854
Northern,2020-10-03,region,,19.309453216043423
Northern,2020-10-10,region,,19.92825709134913
Northern,2020-10-17,region,,16.380431252892024
Northern,2020-10-24,region,,14.135357097755527
Northern,2020-10-31,region,,16.276025261325927
Northern,2020-11-07,region,,19.728319531628628
Northern,2020-11-14,region,,31.41360049071593
Northern,2020-11-21,region,,30.876487932629995
Northern,2020-11-28,region,,41.711263773166216
Northern,2020-12-05,region,,50.0595678538723
Northern,2020-12-12,region,,50.59759988779746
Northern,2020-12-19,region,,54.74724824356864
Northern,2020-12-26,region,,63.789134671148176
Northern,2021-01-02,region,,61.35965913135971
Northern,2021-01-09,region,,66.56282632701286
Northern,2021-01-16,region,,67.09048841946255
Northern,2021-01-23,region,,64.93712959635107
Northern,2021-01-30,region,,56.784579715197886
Northern,2021-02-06,region,,49.851852984358814
Northern,2021-02-13,region,,35.45385090789625
Northern,2021-02-20,region,,33.46719287631284
Northern,2021-02-27,region,,28.04147399453969
Northern,2021-03-06,region,,26.46976098526436
Northern,2021-03-13,region,,23.006787610556568
Northern,2021-03-20,region,,22.178540416352657
Northern,2021-03-27,region,,27.35584839793225
Northern,2021-04-03,region,,24.9203003552639
Northern,2021-04-10,region,,25.67682670263052
Northern,2021-04-17,region,,26.1877260613076
Northern,2021-04-24,region,,27.40818848599339
Northern,2021-05-01,region,,20.723369339430093
Northern,2021-05-08,region,,18.23308813002486
Northern,2021-05-15,region,,11.881942655051612
Northern,2021-05-22,region,,11.024939037472167
Northern,2021-05-29,region,,9.996822980196832
Northern,2021-06-05,region,,7.492548853171733
Northern,2021-06-12,region,,4.936951116781442
Northern,2021-06-19,region,,4.69902520946918
Northern,2021-06-26,region,,2.5252945250425025
Northern,2021-07-03,region,,1.0478615383825476
Northern,2021-07-10,region,,3.7918631196595913
Northern,2021-07-17,region,,4.324151812866966
Northern,2021-07-24,region,,7.68785412147414
Northern,2021-07-31,region,,7.183753447066604
Northern,2021-08-07,region,,15.59065232056256
Northern,2021-08-14,region,,24.14393366797907
Northern,2021-08-21,region,,26.832350339590512
Northern,2021-08-28,region,,27.50362147411276
Northern,2021-09-04,region,,31.18721714772509
Northern,2021-09-11,region,,30.991632827442185
Northern,2021-09-18,region,,31.606578247842663
Northern,2021-09-25,region,,31.30539761867903
Northern,2021-10-02,region,,25.6863194502397
Northern,2021-10-09,region,,28.30020767913605
Northern,2021-10-16,region,,20.910226366672784
Northern,2021-10-23,region,,20.018235466817806
Northern,2021-10-30,region,6.714170529585663,13.869333797530215
Northern,2021-11-06,region,3.496915508133516,12.85667296394498
Northern,2021-11-13,region,2.170286785765815,14.182864480075107
Northern,2021-11-20,region,2.435269160923578,11.38786530511642
Northern,2021-11-27,region,4.077951777502944,10.177270969110264
Northern,2021-12-04,region,12.8203551080776,20.935668096052943
Northern,2021-12-11,region,5.516720649969422,30.19475865925579
Northern,2021-12-18,region,8.401989058665947,31.995970126908933
Northern,2021-12-25,region,42.218447003450514,38.12031725735353
Northern,2022-01-01,region,21.8529131179954,90.4660025687188
Northern,2022-01-08,region,26.046087678196983,137.41161428435714
Northern,2022-01-15,region,20.907682173176266,125.9508469764632
Northern,2022-01-22,region,6.523224141169487,103.28242059763843
Northern,2022-01-29,region,1.2132735868195188,78.27436349819202
Northern,2022-02-05,region,3.7166942740190976,58.74960136017211
Northern,2022-02-12,region,1.973646356669173,42.35159658399464
Northern,2022-02-19,region,1.4707968880144566,29.17195262798241
Northern,2022-02-26,region,1.6523337018916566,21.84718832858315
Northern,2022-03-05,region,0.4347513497792137,10.280947235272832
Northern,2022-03-12,region,0.5853125946311329,10.000661586792306
Northern,2022-03-19,region,1.1736689005292873,7.317582482822168
Northern,2022-03-26,region,1.1041435718943085,3.8650741616844666
Northern,2022-04-02,region,0.6581678714281037,6.052591373310635
Northern,2022-04-09,region,1.501753325368529,4.348600617741435
Northern,2022-04-16,region,2.3458368095220137,6.074003213836025
Northern,2022-04-23,region,2.972770225968303,7.488522580745598
Northern,2022-04-30,region,3.293956794925357,10.799227037832516
Northern,2022-05-07,region,4.281799582045857,17.104996279132855
Northern,2022-05-14,region,6.030144472006887,16.566174880250507
Northern,2022-05-21,region,5.812861138744025,28.12784091117976
Northern,2022-05-28,region,4.239428262179805,23.76144927024601
Northern,2022-06-04,region,5.769022663953894,27.34890335221493
Northern,2022-06-11,region,7.027100786662383,25.191624806708933
Northern,2022-06-18,region,5.812861138744025,29.83610641945227
Northern,2022-06-25,region,5.422890248812761,26.110698988413468
Northern,2022-07-02,region,4.393363409140761,26.08898886102662
Northern,2022-07-09,region,7.753353474749211,26.55101852022363
Northern,2022-07-16,region,5.29938693231676,29.757210157492658
Northern,2022-07-23,region,7.7755454531994115,31.04594065967456
Northern,2022-07-30,region,7.393805886213423,30.575518301168245
Northern,2022-08-06,region,6.528145955247303,32.77441092387572
Northern,2022-08-13,region,5.855857590342252,33.77311725868266
Northern,2022-08-20,region,6.869633030458385,29.65851134397964
Northern,2022-08-27,region,5.555866298181325,26.90004838352768
Northern,2022-09-03,region,4.775781406988,28.04704102083751
Northern,2022-09-10,region,6.775162432194472,30.3428610953748
Northern,2022-09-17,region,5.795264269918762,24.93612294704389
Northern,2022-09-24,region,2.766386794475202,19.48266676846668
Northern,2022-10-01,region,2.9631969901426496,19.274974417926053
Northern,2022-10-08,region,3.378691755794755,23.47377723841404
Northern,2022-10-15,region,2.9264892667311053,19.41880284501508
Northern,2022-10-22,region,3.518944297875628,15.364014332014394
Northern,2022-10-29,region,2.733894886979392,19.245351787391726
Northern,2022-11-05,region,4.272191591265573,24.2944223623003
Northern,2022-11-12,region,2.274578222999636,23.72363833478137
Northern,2022-11-19,region,3.622476425454927,18.71715240518208
Northern,2022-11-26,region,5.898747894830888,16.241578317699275
Northern,2022-12-03,region,7.661463318729007,28.463711341472287
Northern,2022-12-10,region,6.276083287664017,30.07012484262936
Northern,2022-12-17,region,8.886377061067812,36.908461493908966
Northern,2022-12-24,region,11.635546309593792,34.165582649840424
Northern,2022-12-31,region,15.053982344390262,54.63314310154404
Northern,2023-01-07,region,17.588846432341313,51.7948000455804
Northern,2023-01-14,region,11.86807594516372,45.390024658501645
Northern,2023-01-21,region,8.322715363001121,40.05906107452417
Northern,2023-01-28,region,8.188051956534913,30.745860880184413
Northern,2023-02-04,region,5.566099563255421,27.7866921176461
Northern,2023-02-11,region,5.841069812157876,28.750163498490227
Northern,2023-02-18,region,3.807290511340237,21.44867531755349
Northern,2023-02-25,region,0.807829703767338,18.844396461397427
Northern,2023-03-04,region,0.551411036411804,18.199642100459062
Northern,2023-03-11,region,0.4356616814666504,12.712214735048384
Northern,2023-03-18,region,1.5329354378934994,12.276703791851098
Northern,2023-03-25,region,1.322005211641818,6.027245628603247
Northern,2023-04-01,region,0.8547599175091898,7.101042380827918
Northern,2023-04-08,region,0.7446611943777885,5.885060960269585
Northern,2023-04-15,region,0.9527995697822892,6.0493681052861055
Northern,2023-04-22,region,0.4034720143748497,4.393365208264141
Northern,2023-04-29,region,0.5620253363706518,2.620098290560456
Northern,2023-05-06,region,0.5987649284206256,2.190729588640333
Northern,2023-05-13,region,0.5857332510133572,3.8599247526220246
Northern,2023-05-20,region,0.4474134372872173,5.012732495493489
Northern,2023-05-27,region,0.3614318452194405,2.102799704378548
Northern,2023-06-03,region,0.3355090618539242,2.204607084307236
Northern,2023-06-10,region,0.5116804273210409,2.678664660706295
Northern,2023-06-17,region,0.3915343023257431,5.501505258175868
Northern,2023-06-24,region,0.3110595383397777,6.698169752021882
Northern,2023-07-01,region,0.30746167472155,7.0947239174217485
Northern,2023-07-08,region,1.5582521210161158,7.211677612684048
Northern,2023-07-15,region,2.046183026376979,3.6133484391686257
Northern,2023-07-22,region,1.092125815004925,3.7959529074916536
Northern,2023-07-29,region,2.4594681068444784,3.725652073973442
Northern,2023-08-05,region,3.5191990335577787,5.5771537485572615
Northern,2023-08-12,region,3.320717813918696,8.699010517902959
Northern,2023-08-19,region,3.875171310416018,9.784404983623563
Northern,2023-08-26,region,3.950413517457958,11.519479486095262
Northern,2023-09-02,region,1.1451708381895562,11.351752680416956
Northern,2023-09-09,region,1.6473331431546316,18.31847282560432
Northern,2023-09-16,region,1.5019355195482351,16.852224112585073
Northern,2023-09-23,region,2.0873629519132533,19.81320579946484
Northern,2023-09-30,region,1.5229336823777069,14.579317959550352
Northern,2023-10-07,region,1.3700454213693232,16.032309526723218
Northern,2023-10-14,region,1.3592018386350857,13.763883424667409
Northern,2023-10-21,region,1.4580673900072478,19.72546451243861
Northern,2023-10-28,region,1.526376239403112,12.721599574158825
Northern,2023-11-04,region,1.3844015525047173,14.735183873568838
Northern,2023-11-11,region,1.2354424540488658,15.195400994553342
Northern,2023-11-18,region,1.0851710245380193,12.719732562715388
Northern,2023-11-25,region,1.4613819116822906,11.335994610571364
Northern,2023-12-02,region,3.0760293332141,19.59003891742909
Northern,2023-12-09,region,2.5977319438895137,18.18294076942293
Northern,2023-12-16,region,2.672332255269611,21.114205296831287
Northern,2023-12-23,region,3.980004726213038,23.035770773374605
Northern,2023-12-30,region,5.977794923753802,32.14773590682982
Northern,2024-01-06,region,5.488348308281537,38.06726421992955
Northern,2024-01-13,region,21.97201258068917,37.72114654836248
Northern,2024-01-20,region,31.934668790563187,31.748767421751023
Northern,2024-01-27,region,9.542965272183528,29.71376817506429
Northern,2024-02-03,region,21.08777448812364,29.32650229597025
Northwest,2020-02-22,region,,0.0
Northwest,2020-03-07,region,,0.0
Northwest,2020-03-14,region,,0.0
Northwest,2020-03-21,region,,0.0
Northwest,2020-03-28,region,,0.0
Northwest,2020-04-04,region,,0.0
Northwest,2020-04-11,region,,0.0
Northwest,2020-04-18,region,,0.0
Northwest,2020-04-25,region,,0.0
Northwest,2020-05-02,region,,0.0
Northwest,2020-05-09,region,,0.0
Northwest,2020-05-16,region,,0.0
Northwest,2020-05-23,region,,0.0
Northwest,2020-05-30,region,,0.0
Northwest,2020-06-06,region,,0.0
Northwest,2020-06-13,region,,0.0
Northwest,2020-06-20,region,,0.0
Northwest,2020-06-27,region,,0.0
Northwest,2020-07-04,region,,0.0
Northwest,2020-07-11,region,,0.0
Northwest,2020-07-18,region,,0.2781744775007742
Northwest,2020-07-25,region,,5.50538824532256
Northwest,2020-08-01,region,,4.283950228030926
Northwest,2020-08-08,region,,1.87245345380892
Northwest,2020-08-15,region,,4.031564216476223
Northwest,2020-08-22,region,,2.7969940947672365
Northwest,2020-08-29,region,,2.844302467189993
Northwest,2020-09-05,region,,3.3740218438024447
Northwest,2020-09-12,region,,5.454404360524652
Northwest,2020-09-19,region,,3.841476193081416
Northwest,2020-09-26,region,,4.645698800148401
Northwest,2020-10-03,region,,4.687607406533297
Northwest,2020-10-10,region,,7.509371444140659
Northwest,2020-10-17,region,,5.602461690184659
Northwest,2020-10-24,region,,5.741849632369148
Northwest,2020-10-31,region,,8.395109106148738
Northwest,2020-11-07,region,,10.255485103808764
Northwest,2020-11-14,region,,13.037935235045486
Northwest,2020-11-21,region,,14.718976904091123
Northwest,2020-11-28,region,,19.48591403959746
Northwest,2020-12-05,region,,24.91966362189123
Northwest,2020-12-12,region,,32.46545760271436
Northwest,2020-12-19,region,,28.79522788989405
Northwest,2020-12-26,region,,34.292301663181114
Northwest,2021-01-02,region,,32.471673145981605
Northwest,2021-01-09,region,,37.50830663929108
Northwest,2021-01-16,region,,33.785246190534565
Northwest,2021-01-23,region,,33.026966609715096
Northwest,2021-01-30,region,,28.664282525442147
Northwest,2021-02-06,region,,24.33522511052773
Northwest,2021-02-13,region,,19.22174760538955
Northwest,2021-02-20,region,,17.360486321348677
Northwest,2021-02-27,region,,13.195324985886248
Northwest,2021-03-06,region,,12.31708427581084
Northwest,2021-03-13,region,,13.193132513510866
Northwest,2021-03-20,region,,12.271784757962385
Northwest,2021-03-27,region,,10.515113340019283
Northwest,2021-04-03,region,,11.08605060177706
Northwest,2021-04-10,region,,16.416219846588767
Northwest,2021-04-17,region,,17.1583801518582
Northwest,2021-04-24,region,,14.170159915883264
Northwest,2021-05-01,region,,13.072647495270331
Northwest,2021-05-08,region,,13.610893424134732
Northwest,2021-05-15,region,,10.720805249039229
Northwest,2021-05-22,region,,8.375431692312867
Northwest,2021-05-29,region,,10.612731663576016
Northwest,2021-06-05,region,,7.274881077080399
Northwest,2021-06-12,region,,6.859218986918965
Northwest,2021-06-19,region,,5.416843513745456
Northwest,2021-06-26,region,,5.5783241775776125
Northwest,2021-07-03,region,,3.357831327061278
Northwest,2021-07-10,region,,4.152929805734325
Northwest,2021-07-17,region,,4.3994095920711205
Northwest,2021-07-24,region,,5.5978592005064645
Northwest,2021-07-31,region,,6.7342124010245605
Northwest,2021-08-07,region,,7.257924025852115
Northwest,2021-08-14,region,,15.26281861151194
Northwest,2021-08-21,region,,19.384423176811246
Northwest,2021-08-28,region,,23.65070161440461
Northwest,2021-09-04,region,,30.645391836832644
Northwest,2021-09-11,region,,31.76534630984736
Northwest,2021-09-18,region,,38.0267443069184
Northwest,2021-09-25,region,,38.7246852817206
Northwest,2021-10-02,region,,31.262451052395893
Northwest,2021-10-09,region,,30.508307098968352
Northwest,2021-10-16,region,,25.49098975877008
Northwest,2021-10-23,region,,20.650110257050745
Northwest,2021-10-30,region,2.1326080314792155,17.92472646034269
Northwest,2021-11-06,region,1.4783447390365532,13.853455468339297
Northwest,2021-11-13,region,0.3630662761684162,15.023734395767052
Northwest,2021-11-20,region,7.005204780215039,13.682823688018816
Northwest,2021-11-27,region,4.518868906840773,13.094550619702463
Northwest,2021-12-04,region,14.265931500899104,19.035463150465823
Northwest,2021-12-11,region,8.574340065086686,26.33675033608468
Northwest,2021-12-18,region,17.056704754203075,25.635148573862622
Northwest,2021-12-25,region,15.458902705091951,28.927932024782447
Northwest,2022-01-01,region,11.54557110896048,39.43222670703099
Northwest,2022-01-08,region,16.224760684997108,55.91790378107337
Northwest,2022-01-15,region,23.743825156258428,63.34122163753646
Northwest,2022-01-22,region,12.231119167435818,67.642374679251
Northwest,2022-01-29,region,6.278420228868817,58.24901398439199
Northwest,2022-02-05,region,3.389533709787389,40.49899665415765
Northwest,2022-02-12,region,2.070807926574886,33.43989721074159
Northwest,2022-02-19,region,2.1633523559263086,29.0568363949546
Northwest,2022-02-26,region,1.7886213495848842,21.409165264948584
Northwest,2022-03-05,region,0.7806163544352327,13.114737909034192
Northwest,2022-03-12,region,0.983526150221922,6.811574393472433
Northwest,2022-03-19,region,0.5835868461727585,8.348029650717072
Northwest,2022-03-26,region,1.1334504655164224,5.472644024078928
Northwest,2022-04-02,region,0.4170071344871844,6.2913453372547625
Northwest,2022-04-09,region,0.6936424405058713,4.344478161586919
Northwest,2022-04-16,region,1.3349082804154395,2.607275282690475
Northwest,2022-04-23,region,1.975974280096328,4.1107996561168765
Northwest,2022-04-30,region,0.7426106348396644,5.91153816769824
Northwest,2022-05-07,region,1.4073087582984072,4.392287503453726
Northwest,2022-05-14,region,1.8975748550754736,8.738405901279787
Northwest,2022-05-21,region,2.648559226274892,12.137882569281304
Northwest,2022-05-28,region,2.5447848243217264,9.966237334363123
Northwest,2022-06-04,region,2.984271667912356,11.383570890816136
Northwest,2022-06-11,region,3.174227668575276,11.20958834823584
Northwest,2022-06-18,region,2.4942620972845617,10.615042262870434
Northwest,2022-06-25,region,1.7693119581315135,12.010005587697076
Northwest,2022-07-02,region,2.5568104801638945,12.346483610792305
Northwest,2022-07-09,region,8.38936760238356,16.38256400915683
Northwest,2022-07-16,region,3.253965640403665,14.817311470885633
Northwest,2022-07-23,region,6.311418812309848,14.05052319064416
Northwest,2022-07-30,region,3.8521811247334337,14.490076436847826
Northwest,2022-08-06,region,5.527959341807596,15.55948505486
Northwest,2022-08-13,region,2.784524760728968,21.14735267428252
Northwest,2022-08-20,region,3.2292985842504485,19.378157317466567
Northwest,2022-08-27,region,8.691253618848044,16.2892622723054
Northwest,2022-09-03,region,7.302547250607505,17.50983508814019
Northwest,2022-09-10,region,6.26285145466269,16.85870980964046
Northwest,2022-09-17,region,7.548781188552685,14.133898051832244
Northwest,2022-09-24,region,3.766495886736725,12.683273522286193
Northwest,2022-10-01,region,1.988383240636016,9.84708250485335
Northwest,2022-10-08,region,2.548868346514688,10.046366371528643
Northwest,2022-10-15,region,2.8038067375737614,6.8023355447144285
Northwest,2022-10-22,region,3.713885407448759,6.705600103123182
Northwest,2022-10-29,region,4.08986466229062,7.458191109139669
Northwest,2022-11-05,region,2.542789159556453,9.992543891321093
Northwest,2022-11-12,region,1.5914745770022205,8.506992625114313
Northwest,2022-11-19,region,2.5878685603934755,8.175999086392899
Northwest,2022-11-26,region,4.3110187786074565,6.6736452774664174
Northwest,2022-12-03,region,5.484164029271906,10.575774014825653
Northwest,2022-12-10,region,4.72119038591931,9.348424127854242
Northwest,2022-12-17,region,4.585592372843979,14.148949368655936
Northwest,2022-12-24,region,3.672682323602038,11.617485037474736
Northwest,2022-12-31,region,7.032908150657055,16.912763625215618
Northwest,2023-01-07,region,8.05851115045889,16.844482176929418
Northwest,2023-01-14,region,9.752903135400071,12.898035824481644
Northwest,2023-01-21,region,4.285432180992512,11.352164772417916
Northwest,2023-01-28,region,1.9356705653317192,12.31195167054032
Northwest,2023-02-04,region,4.2118801103983134,9.367719442025551
Northwest,2023-02-11,region,8.431452540442967,8.194007232804594
Northwest,2023-02-18,region,3.2303417959509844,6.872503916992768
Northwest,2023-02-25,region,1.6385781920799978,6.562162701098724
Northwest,2023-03-04,region,0.3183239013902538,7.026666658207122
Northwest,2023-03-11,region,0.3775909371892301,4.590935848555775
Northwest,2023-03-18,region,1.655328088532893,3.7672776450983294
Northwest,2023-03-25,region,1.1732384335281458,4.479496672524143
Northwest,2023-04-01,region,0.8768882792666095,3.587350554217203
Northwest,2023-04-08,region,0.6087963116501115,2.871899057966784
Northwest,2023-04-15,region,0.9282282123426744,2.0705951058853937
Northwest,2023-04-22,region,0.2920989124931983,1.4562895896529813
Northwest,2023-04-29,region,0.4276529874523831,1.4883627519679947
Northwest,2023-05-06,region,0.7674379819372418,0.4070617109072808
Northwest,2023-05-13,region,0.2986878913837377,1.0314699290757094
Northwest,2023-05-20,region,0.2514621385951632,0.1793163595662095
Northwest,2023-05-27,region,0.3176695425170824,0.0980583577936244
Northwest,2023-06-03,region,0.1421634228399036,1.374448520862329
Northwest,2023-06-10,region,0.1175777759153391,0.0851042606914363
Northwest,2023-06-17,region,0.1124019772331139,0.4474544569628333
Northwest,2023-06-24,region,0.2472347358529528,0.2096305740831442
Northwest,2023-07-01,region,0.2195645572994495,0.2302476574792017
Northwest,2023-07-08,region,0.6797722263876066,0.2126136687740941
Northwest,2023-07-15,region,1.857288940515627,0.1552145573622672
Northwest,2023-07-22,region,1.164907189884086,0.7163233432687264
Northwest,2023-07-29,region,2.335630991360824,0.2343843211670737
Northwest,2023-08-05,region,3.9552082675966624,0.9410665532719112
Northwest,2023-08-12,region,2.0444589779342266,3.554790989529938
Northwest,2023-08-19,region,3.4833360425180806,3.022151101825462
Northwest,2023-08-26,region,4.2660312922132135,4.868595140570212
Northwest,2023-09-02,region,2.365413701601755,5.3023533815671575
Northwest,2023-09-09,region,2.8549544366346296,6.083733058843824
Northwest,2023-09-16,region,0.9683018836677384,6.4917109038159415
Northwest,2023-09-23,region,1.7401021350724613,6.915612828266897
Northwest,2023-09-30,region,1.4624071676380908,5.626274763396499
Northwest,2023-10-07,region,1.5378549588899957,6.040504296746639
Northwest,2023-10-14,region,1.1445664895728909,6.927350708217237
Northwest,2023-10-21,region,2.3826750645995194,7.81885262924461
Northwest,2023-10-28,region,1.88039486550977,8.117482470844536
Northwest,2023-11-04,region,1.7073339973188462,5.631279350146366
Northwest,2023-11-11,region,2.021943771687762,6.788405693642421
Northwest,2023-11-18,region,2.818706871974809,6.851901069623451
Northwest,2023-11-25,region,2.8623228049227314,7.246846055811456
Northwest,2023-12-02,region,7.35309592108224,10.24258414871978
Northwest,2023-12-09,region,3.866028985688626,10.398959334836965
Northwest,2023-12-16,region,3.777941781139005,12.644473466602816
Northwest,2023-12-23,region,12.374022453957082,15.028790789799151
Northwest,2023-12-30,region,5.346238256337228,19.47018069083005
Northwest,2024-01-06,region,6.05312388992164,16.242650818299513
Northwest,2024-01-13,region,13.003678968463262,10.72478357437762
Northwest,2024-01-20,region,14.02679915512074,8.912551074460403
Northwest,2024-01-27,region,1.689250543336887,6.3903696606652645
Northwest,2024-02-03,region,16.31698410945752,7.9884433727868975
Southwest,2020-03-07,region,,0.0
Southwest,2020-03-14,region,,0.0
Southwest,2020-03-21,region,,0.0
Southwest,2020-03-28,region,,0.0
Southwest,2020-04-04,region,,0.0
Southwest,2020-04-11,region,,0.0
Southwest,2020-04-18,region,,0.0
Southwest,2020-04-25,region,,0.0
Southwest,2020-05-02,region,,0.0
Southwest,2020-05-09,region,,0.0
Southwest,2020-05-16,region,,0.0
Southwest,2020-05-23,region,,0.0
Southwest,2020-05-30,region,,0.0
Southwest,2020-06-06,region,,0.0
Southwest,2020-06-13,region,,0.0
Southwest,2020-06-20,region,,0.0
Southwest,2020-06-27,region,,0.0
Southwest,2020-07-04,region,,0.0
Southwest,2020-07-11,region,,0.0
Southwest,2020-07-18,region,,2.9392318941735827
Southwest,2020-07-25,region,,7.488072098582977
Southwest,2020-08-01,region,,9.36244597046742
Southwest,2020-08-08,region,,11.797820090681094
Southwest,2020-08-15,region,,11.269160084408204
Southwest,2020-08-22,region,,9.85924680879503
Southwest,2020-08-29,region,,10.411434166877257
Southwest,2020-09-05,region,,15.024045091854289
Southwest,2020-09-12,region,,11.539055024840463
Southwest,2020-09-19,region,,9.659943097813205
Southwest,2020-09-26,region,,10.540068790718347
Southwest,2020-10-03,region,,15.388913183862092
Southwest,2020-10-10,region,,16.836462191147433
Southwest,2020-10-17,region,,23.4401940458285
Southwest,2020-10-24,region,,30.88325229768353
Southwest,2020-10-31,region,,29.80026879217566
Southwest,2020-11-07,region,,32.19132729798331
Southwest,2020-11-14,region,,33.18189654920189
Southwest,2020-11-21,region,,43.52660396047139
Southwest,2020-11-28,region,,47.1989675675301
Southwest,2020-12-05,region,,54.392243891838206
Southwest,2020-12-12,region,,61.11230137282045
Southwest,2020-12-19,region,,69.57152285345603
Southwest,2020-12-26,region,,65.35135930102507
Southwest,2021-01-02,region,,78.37998869229286
Southwest,2021-01-09,region,,80.66371565083159
Southwest,2021-01-16,region,,80.32706795364092
Southwest,2021-01-23,region,,61.43914628488597
Southwest,2021-01-30,region,,54.97818919608076
Southwest,2021-02-06,region,,48.84362922316589
Southwest,2021-02-13,region,,44.5412078298574
Southwest,2021-02-20,region,,34.26292904824236
Southwest,2021-02-27,region,,31.28742014470593
Southwest,2021-03-06,region,,29.57542631251589
Southwest,2021-03-13,region,,25.295815940634853
Southwest,2021-03-20,region,,27.809331506248952
Southwest,2021-03-27,region,,20.27163323163076
Southwest,2021-04-03,region,,22.38372892446343
Southwest,2021-04-10,region,,20.63839469519295
Southwest,2021-04-17,region,,20.43602020931805
Southwest,2021-04-24,region,,23.630611706986446
Southwest,2021-05-01,region,,16.65267811418715
Southwest,2021-05-08,region,,17.772587791163694
Southwest,2021-05-15,region,,12.993809427091325
Southwest,2021-05-22,region,,11.622283892076368
Southwest,2021-05-29,region,,11.176999970568644
Southwest,2021-06-05,region,,8.417182940298005
Southwest,2021-06-12,region,,6.28431246932846
Southwest,2021-06-19,region,,4.5936872998126415
Southwest,2021-06-26,region,,4.705336504715243
Southwest,2021-07-03,region,,5.298686961837643
Southwest,2021-07-10,region,,4.947340794687412
Southwest,2021-07-17,region,,5.849098054866262
Southwest,2021-07-24,region,,11.826758551122987
Southwest,2021-07-31,region,,15.80272965433064
Southwest,2021-08-07,region,,22.30720584521591
Southwest,2021-08-14,region,,36.521484854210655
Southwest,2021-08-21,region,,39.57160277282448
Southwest,2021-08-28,region,,51.00063575010522
Southwest,2021-09-04,region,,60.722720047421895
Southwest,2021-09-11,region,,64.60847047406583
Southwest,2021-09-18,region,,63.9400477467606
Southwest,2021-09-25,region,,61.5193929547344
Southwest,2021-10-02,region,,52.92593523093571
Southwest,2021-10-09,region,,42.67906543173802
Southwest,2021-10-16,region,,42.420989604909
Southwest,2021-10-23,region,,33.42179113340531
Southwest,2021-10-30,region,4.161913788954785,29.847844815407505
Southwest,2021-11-06,region,0.9876960213197864,26.64290933336453
Southwest,2021-11-13,region,3.803451580619909,24.971093153205967
Southwest,2021-11-20,region,2.932932654728436,26.94151725253077
Southwest,2021-11-27,region,5.192318071694244,33.639500091553934
Southwest,2021-12-04,region,4.622561618194452,34.50020619481194
Southwest,2021-12-11,region,10.018553223634314,43.75718493593297
Southwest,2021-12-18,region,5.733848378313905,43.07721336347812
Southwest,2021-12-25,region,13.13227885459516,45.66925179595054
Southwest,2022-01-01,region,8.33065897546501,61.59709999350599
Southwest,2022-01-08,region,23.826522698992527,74.32836359934944
Southwest,2022-01-15,region,12.892045573377985,90.69785528278774
Southwest,2022-01-22,region,12.154807384595305,84.0883993858164
Southwest,2022-01-29,region,5.1545904827857605,93.25927772155794
Southwest,2022-02-05,region,13.162883331183776,76.10903131364492
Southwest,2022-02-12,region,6.38468461386092,65.57125417871465
Southwest,2022-02-19,region,3.481903193868671,49.6465899936231
Southwest,2022-02-26,region,2.172161433630877,37.60654424032419
Southwest,2022-03-05,region,1.1569049808437404,26.346823883988925
Southwest,2022-03-12,region,0.8529309588704344,14.675671173135806
Southwest,2022-03-19,region,0.7736442203765348,10.336659365737642
Southwest,2022-03-26,region,0.3650917839590675,7.020642251311723
Southwest,2022-04-02,region,0.3055689222807214,5.656962497621622
Southwest,2022-04-09,region,0.1792698010790627,3.1471706936684343
Southwest,2022-04-16,region,0.2348344373498148,3.483223763739024
Southwest,2022-04-23,region,1.0307749776434512,3.025999561999221
Southwest,2022-04-30,region,1.2027896298166612,4.090767188621278
Southwest,2022-05-07,region,1.4062279351425755,8.314036296812947
Southwest,2022-05-14,region,2.053829036356506,8.633290474076839
Southwest,2022-05-21,region,2.1961433193230104,14.391591545830543
Southwest,2022-05-28,region,4.706785286350071,15.120634578263472
Southwest,2022-06-04,region,3.827003447611145,14.851327934179844
Southwest,2022-06-11,region,3.879186572510888,16.06468643091355
Southwest,2022-06-18,region,4.247965356790711,17.84320914074616
Southwest,2022-06-25,region,3.71717886780493,16.802124027568315
Southwest,2022-07-02,region,2.6142364151944,18.088016964005583
Southwest,2022-07-09,region,7.984011903719429,18.31380011864709
Southwest,2022-07-16,region,4.924761621768582,24.2526732616862
Southwest,2022-07-23,region,8.98247186871297,25.328984785084163
Southwest,2022-07-30,region,6.450460084392846,27.017804724276942
Southwest,2022-08-06,region,5.723041973337935,28.865153368733672
Southwest,2022-08-13,region,5.814943618883333,30.756518669281373
Southwest,2022-08-20,region,4.981760178363017,31.17030009550614
Southwest,2022-08-27,region,6.500837156936658,32.00761404200958
Southwest,2022-09-03,region,8.113501036856869,24.81412701120863
Southwest,2022-09-10,region,6.33992044962584,24.981761096084828
Southwest,2022-09-17,region,5.822709081722016,23.013444494313607
Southwest,2022-09-24,region,1.3904995136256555,20.927045422929595
Southwest,2022-10-01,region,2.1900362655894803,14.232430926230071
Southwest,2022-10-08,region,2.46450075015316,17.088574554262866
Southwest,2022-10-15,region,1.9374485519783944,14.09522219473098
Southwest,2022-10-22,region,2.211063822773633,14.327908515997246
Southwest,2022-10-29,region,2.4825325106189178,13.65615315359098
Southwest,2022-11-05,region,2.5818815815664826,13.126022764168264
Southwest,2022-11-12,region,3.4989662333224034,13.755915082829905
Southwest,2022-11-19,region,3.3584158225997003,11.393437061567134
Southwest,2022-11-26,region,2.348781775033361,11.400040727707689
Southwest,2022-12-03,region,5.5929599058919885,13.022022876724323
Southwest,2022-12-10,region,3.562057245888416,18.00814461273345
Southwest,2022-12-17,region,3.6273797943329606,20.721587907977987
Southwest,2022-12-24,region,8.628484777158002,20.63922360059293
Southwest,2022-12-31,region,8.979615955733612,33.23922259771964
Southwest,2023-01-07,region,4.0556364952763655,34.16960750659425
Southwest,2023-01-14,region,4.490515073679166,27.621831757214665
Southwest,2023-01-21,region,4.793044296891304,23.36924862558609
Southwest,2023-01-28,region,3.5484426179014505,19.825232961788853
Southwest,2023-02-04,region,5.682059065140635,19.16979545809289
Southwest,2023-02-11,region,3.044491288160086,18.65828041658289
Southwest,2023-02-18,region,1.8506144645673028,15.617786661451367
Southwest,2023-02-25,region,2.384705293565185,13.560887846859847
Southwest,2023-03-04,region,2.747925367298364,12.42647555766598
Southwest,2023-03-11,region,1.004167240185025,11.166594333575471
Southwest,2023-03-18,region,1.381039875793125,5.224479336184594
Southwest,2023-03-25,region,1.3342291481682145,6.62466485259514
Southwest,2023-04-01,region,1.1840141901490886,5.631690726907863
Southwest,2023-04-08,region,1.2497511960999423,4.274107258967632
Southwest,2023-04-15,region,0.7064459136241195,3.6416597844338505
Southwest,2023-04-22,region,1.1360857362806844,3.0114154123466235
Southwest,2023-04-29,region,0.4477060050416674,0.6439222294905668
Southwest,2023-05-06,region,0.6424620920776214,2.921987707512002
Southwest,2023-05-13,region,0.480824404128868,2.4210345209020967
Southwest,2023-05-20,region,0.9642601380070904,1.841087797057192
Southwest,2023-05-27,region,0.4722683356311957,1.1839502794428194
Southwest,2023-06-03,region,0.3851956586610978,2.4591547339190827
Southwest,2023-06-10,region,0.5668941205938784,1.4483039741288466
Southwest,2023-06-17,region,0.5335965943387675,1.1044222884008683
Southwest,2023-06-24,region,0.6462760357313336,1.4207423467082958
Southwest,2023-07-01,region,0.5031755490344949,1.1328636676337882
Southwest,2023-07-08,region,1.4649798807486294,0.7231494977548553
Southwest,2023-07-15,region,1.726039015578312,1.1965890120997458
Southwest,2023-07-22,region,1.8071512471797504,1.831814274372272
Southwest,2023-07-29,region,1.8286822975911488,3.3697633887933534
Southwest,2023-08-05,region,2.786880732515705,2.1426480674977624
Southwest,2023-08-12,region,3.25414479976006,2.939154909170304
Southwest,2023-08-19,region,4.403678719929788,5.1224989666305705
Southwest,2023-08-26,region,6.205079599992004,4.965194550278401
Southwest,2023-09-02,region,2.659950960965136,7.007942618313892
Southwest,2023-09-09,region,2.0615278942802995,10.34360039498312
Southwest,2023-09-16,region,2.439797337712898,11.992890982167037
Southwest,2023-09-23,region,2.5773574776012524,10.997071128293298
Southwest,2023-09-30,region,1.897666235780602,13.576034091355885
Southwest,2023-10-07,region,1.3854983860434171,11.896598287102885
Southwest,2023-10-14,region,2.751304594469408,12.579305822620425
Southwest,2023-10-21,region,2.036154008189178,13.943595726506558
Southwest,2023-10-28,region,2.767162412760539,17.046347502543846
Southwest,2023-11-04,region,3.1204915151689154,12.321262652872653
Southwest,2023-11-11,region,3.964082137098332,16.750474997376088
Southwest,2023-11-18,region,2.8347107155533284,17.395269038317288
Southwest,2023-11-25,region,6.65250395376199,20.049500772139567
Southwest,2023-12-02,region,5.57598229228759,25.271997967234583
Southwest,2023-12-09,region,4.4648742192475295,22.525534559052865
Southwest,2023-12-16,region,4.137169818010486,21.12367547578928
Southwest,2023-12-23,region,7.147161569049624,25.06747938806856
Southwest,2023-12-30,region,4.9832260410587175,30.14246670686065
Southwest,2024-01-06,region,3.556318963131607,27.266810528021303
Southwest,2024-01-13,region,4.781252335654033,24.0688115247359
Southwest,2024-01-20,region,4.076309607251354,15.310440643323428
Southwest,2024-01-27,region,5.001791784481158,14.605820676883647
Southwest,2024-02-03,region,3.523443027384676,12.598163319473512
Virginia,2020-02-22,state,,0.0
Virginia,2020-03-07,state,,0.0
Virginia,2020-03-14,state,,0.0
Virginia,2020-03-21,state,,0.0
Virginia,2020-03-28,state,,0.0
Virginia,2020-04-04,state,,0.0
Virginia,2020-04-11,state,,0.0
Virginia,2020-04-18,state,,0.0
Virginia,2020-04-25,state,,0.0
Virginia,2020-05-02,state,,0.0
Virginia,2020-05-09,state,,0.0
Virginia,2020-05-16,state,,0.0
Virginia,2020-05-23,state,,0.0
Virginia,2020-05-30,state,,0.0
Virginia,2020-06-06,state,,0.0
Virginia,2020-06-13,state,,0.0
Virginia,2020-06-20,state,,0.0
Virginia,2020-06-27,state,,0.0
Virginia,2020-07-04,state,,0.0
Virginia,2020-07-11,state,,0.0
Virginia,2020-07-18,state,,40.5337401398301
Virginia,2020-07-25,state,,64.42615530167235
Virginia,2020-08-01,state,,54.46711310021978
Virginia,2020-08-08,state,,47.7215712008536
Virginia,2020-08-15,state,,58.36407529098064
Virginia,2020-08-22,state,,49.25490273361876
Virginia,2020-08-29,state,,55.22542532695339
Virginia,2020-09-05,state,,60.60294690695306
Virginia,2020-09-12,state,,54.66816270577196
Virginia,2020-09-19,state,,51.04268176421119
Virginia,2020-09-26,state,,43.75286074644017
Virginia,2020-10-03,state,,52.3124254746656
Virginia,2020-10-10,state,,63.65566179550522
Virginia,2020-10-17,state,,62.757780875498064
Virginia,2020-10-24,state,,69.65830218671152
Virginia,2020-10-31,state,,71.98983825325668
Virginia,2020-11-07,state,,88.65264842751591
Virginia,2020-11-14,state,,110.05477661639657
Virginia,2020-11-21,state,,127.1535260968428
Virginia,2020-11-28,state,,156.3098407194509
Virginia,2020-12-05,state,,184.08765922166
Virginia,2020-12-12,state,,211.743377270229
Virginia,2020-12-19,state,,233.1838753065102
Virginia,2020-12-26,state,,245.7743651773936
Virginia,2021-01-02,state,,269.91168874125543
Virginia,2021-01-09,state,,301.13345147371604
Virginia,2021-01-16,state,,309.1937442561126
Virginia,2021-01-23,state,,278.4841334682327
Virginia,2021-01-30,state,,251.1034983443457
Virginia,2021-02-06,state,,224.74157604792407
Virginia,2021-02-13,state,,181.6260068957836
Virginia,2021-02-20,state,,158.80094791258745
Virginia,2021-02-27,state,,138.88526009658318
Virginia,2021-03-06,state,,121.34410719619711
Virginia,2021-03-13,state,,112.0902765681842
Virginia,2021-03-20,state,,108.2343575283953
Virginia,2021-03-27,state,,108.49848533358109
Virginia,2021-04-03,state,,110.29772886781625
Virginia,2021-04-10,state,,114.10636426026755
Virginia,2021-04-17,state,,111.13703283049608
Virginia,2021-04-24,state,,110.73106212837511
Virginia,2021-05-01,state,,82.24327239867586
Virginia,2021-05-08,state,,81.91367658334751
Virginia,2021-05-15,state,,62.6462085497931
Virginia,2021-05-22,state,,54.03363528897536
Virginia,2021-05-29,state,,47.33395594153093
Virginia,2021-06-05,state,,33.42991132697443
Virginia,2021-06-12,state,,25.23536866941937
Virginia,2021-06-19,state,,22.117085411390747
Virginia,2021-06-26,state,,18.440937139626588
Virginia,2021-07-03,state,,15.569313439709498
Virginia,2021-07-10,state,,19.15636937970427
Virginia,2021-07-17,state,,27.496932379932
Virginia,2021-07-24,state,,41.72203402480317
Virginia,2021-07-31,state,,55.314641130245285
Virginia,2021-08-07,state,,83.43527590805175
Virginia,2021-08-14,state,,134.12777848681048
Virginia,2021-08-21,state,,155.22131171645938
Virginia,2021-08-28,state,,192.8232143373
Virginia,2021-09-04,state,,215.4766284948064
Virginia,2021-09-11,state,,226.2377072054485
Virginia,2021-09-18,state,,227.32162214553773
Virginia,2021-09-25,state,,218.21448001619984
Virginia,2021-10-02,state,,186.16067884488444
Virginia,2021-10-09,state,,164.42438662799387
Virginia,2021-10-16,state,,148.30026797362382
Virginia,2021-10-23,state,,122.0700131766505
Virginia,2021-10-30,state,3.25641864807798,100.07111515554176
Virginia,2021-11-06,state,1.7036269608125925,85.6826744936073
Virginia,2021-11-13,state,2.961911777358804,86.0696314080662
Virginia,2021-11-20,state,3.772951041446277,79.45289035431287
Virginia,2021-11-27,state,4.983375098961394,94.07194177817505
Virginia,2021-12-04,state,10.182489030618951,121.54082897443644
Virginia,2021-12-11,state,9.163363787394664,160.28555409970147
Virginia,2021-12-18,state,6.098733122670522,160.42031243182043
Virginia,2021-12-25,state,15.458902705091951,177.17063427498718
Virginia,2022-01-01,state,20.71432995439772,332.7612578600766
Virginia,2022-01-08,state,15.34188556913021,473.5851465674818
Virginia,2022-01-15,state,15.038345121750227,490.8545492524874
Virginia,2022-01-22,state,9.628548363207257,457.8370217254288
Virginia,2022-01-29,state,4.028661634514136,396.6926732694303
Virginia,2022-02-05,state,4.1916797749985415,303.67003737678385
Virginia,2022-02-12,state,2.809311515120368,230.01044782545856
Virginia,2022-02-19,state,2.000047840695492,167.62271292379796
Virginia,2022-02-26,state,1.6523337018916566,117.4780700447607
Virginia,2022-03-05,state,0.7806163544352327,70.73768674553052
Virginia,2022-03-12,state,0.8401650945468937,47.53024457865739
Virginia,2022-03-19,state,0.7736442203765348,38.05554778794453
Virginia,2022-03-26,state,0.6876624791485129,24.27277769547341
Virginia,2022-04-02,state,0.6452365483120478,23.993791168815388
Virginia,2022-04-09,state,1.1787321083585764,16.787522663744053
Virginia,2022-04-16,state,1.7071902547254183,17.061429230859115
Virginia,2022-04-23,state,2.633894209521202,27.940435770801287
Virginia,2022-04-30,state,1.8145748745539163,28.603981546905622
Virginia,2022-05-07,state,2.635072809688061,45.122493048486405
Virginia,2022-05-14,state,2.3387482994307,57.48225377531732
Virginia,2022-05-21,state,3.97548804447596,77.12752120791092
Virginia,2022-05-28,state,4.301133900372669,83.32285335164975
Virginia,2022-06-04,state,3.827003447611145,88.1314180625738
Virginia,2022-06-11,state,5.477847665892948,96.95411893272468
Virginia,2022-06-18,state,4.429520833361862,96.80183358910384
Virginia,2022-06-25,state,4.527533005497894,89.75530715957113
Virginia,2022-07-02,state,3.101076939533275,98.34417076452436
Virginia,2022-07-09,state,7.86868268923432,106.09348464084393
Virginia,2022-07-16,state,4.7868778165804216,118.15197208245792
Virginia,2022-07-23,state,6.582767804825706,120.19316050743214
Virginia,2022-07-30,state,6.0197307412934284,129.9477231662162
Virginia,2022-08-06,state,5.421564498588835,130.27763792440334
Virginia,2022-08-13,state,5.009967223663679,137.22990924802858
Virginia,2022-08-20,state,4.93718619795364,128.32211730384978
Virginia,2022-08-27,state,5.797060843932209,121.9206668034766
Virginia,2022-09-03,state,5.225938346756605,114.96056234196207
Virginia,2022-09-10,state,5.474857070782043,111.08680636298168
Virginia,2022-09-17,state,5.586975226335937,100.79701120377872
Virginia,2022-09-24,state,1.6296359197410617,83.41361474571445
Virginia,2022-10-01,state,2.045728484177329,67.12933276257287
Virginia,2022-10-08,state,2.577460393032849,81.28627333355514
Virginia,2022-10-15,state,2.5293715557067284,67.61937302779721
Virginia,2022-10-22,state,2.521983037073076,62.46703972213457
Virginia,2022-10-29,state,2.632741745846109,67.65435111587017
Virginia,2022-11-05,state,2.571467980675406,76.79625165561049
Virginia,2022-11-12,state,2.676073032254104,72.46957852675641
Virginia,2022-11-19,state,2.863700128145549,65.13083813996866
Virginia,2022-11-26,state,2.961224685639941,57.94572278825465
Virginia,2022-12-03,state,6.516572642240905,80.06178371460965
Virginia,2022-12-10,state,4.860280429758968,94.48595672084822
Virginia,2022-12-17,state,7.172907472514896,118.18259134433067
Virginia,2022-12-24,state,8.923309851283594,117.79225290406104
Virginia,2022-12-31,state,10.302600981900683,174.7288609047889
Virginia,2023-01-07,state,7.785960743751962,172.7439324744991
Virginia,2023-01-14,state,6.299652861196947,142.26880048037847
Virginia,2023-01-21,state,4.912827625169031,122.53787331928106
Virginia,2023-01-28,state,4.55956899989045,104.10369128857126
Virginia,2023-02-04,state,5.100857823048802,94.8353517469114
Virginia,2023-02-11,state,5.160778877577479,90.24753792755716
Virginia,2023-02-18,state,3.479232186813657,75.19295251416153
Virginia,2023-02-25,state,1.447585731080784,62.748882805957926
Virginia,2023-03-04,state,1.0945235276724916,55.95917425163578
Virginia,2023-03-11,state,0.6348724077536357,46.35504979896685
Virginia,2023-03-18,state,1.4909514903243146,36.982405380857095
Virginia,2023-03-25,state,1.403239097661528,27.81784049451776
Virginia,2023-04-01,state,1.302377624923427,27.50760921621852
Virginia,2023-04-08,state,0.976527682556404,23.34343023879928
Virginia,2023-04-15,state,0.9172160797638484,18.11006041014189
Virginia,2023-04-22,state,0.904341957928101,17.022846938143534
Virginia,2023-04-29,state,0.6794540361518113,8.021088794553144
Virginia,2023-05-06,state,0.6584322533484842,9.438340629931195
Virginia,2023-05-13,state,0.5746005391190938,11.731220244713626
Virginia,2023-05-20,state,0.8472946708213097,11.068102658119429
Virginia,2023-05-27,state,0.3614318452194405,6.6795568365850295
Virginia,2023-06-03,state,0.5528865467098752,9.373930218003164
Virginia,2023-06-10,state,0.4095149719084366,5.8281434666930085
Virginia,2023-06-17,state,0.6005406619642364,10.405478705673891
Virginia,2023-06-24,state,0.3961145082088365,10.11415642365286
Virginia,2023-07-01,state,0.2860356010648175,10.704515714903929
Virginia,2023-07-08,state,1.4996924610058302,10.789920621123883
Virginia,2023-07-15,state,2.0512537872084016,8.068336072426089
Virginia,2023-07-22,state,1.2813256803798971,11.62537000056554
Virginia,2023-07-29,state,2.129269721578132,14.077244925282574
Virginia,2023-08-05,state,3.4890880822799173,16.41921473521799
Virginia,2023-08-12,state,3.320717813918696,28.046972694594988
Virginia,2023-08-19,state,4.403678719929788,36.47263180947153
Virginia,2023-08-26,state,4.380179474473215,44.043942953639046
Virginia,2023-09-02,state,2.3125637832448307,45.46944016601975
Virginia,2023-09-09,state,2.685023677545023,60.84650954020086
Virginia,2023-09-16,state,1.765933471084009,58.24981549138376
Virginia,2023-09-23,state,2.594375725714998,62.79043061707928
Virginia,2023-09-30,state,1.7954190050879824,59.28949610028181
Virginia,2023-10-07,state,1.5198464589000813,57.085701025197686
Virginia,2023-10-14,state,1.7727673081090765,52.92810177365854
Virginia,2023-10-21,state,1.849976709468932,59.92975366365864
Virginia,2023-10-28,state,1.875676137000608,53.70778522275243
Virginia,2023-11-04,state,2.3815512284805016,44.53801703979017
Virginia,2023-11-11,state,1.7613269299404242,57.00175550589864
Virginia,2023-11-18,state,2.4874776123154225,56.73030281333046
Virginia,2023-11-25,state,3.5368313427648554,62.69687189137543
Virginia,2023-12-02,state,4.778989634041842,83.92406209320158
Virginia,2023-12-09,state,3.578628494627588,77.92026341729353
Virginia,2023-12-16,state,3.7665115479756968,86.44106823464517
Virginia,2023-12-23,state,6.5108076739792615,106.15195742875858
Virginia,2023-12-30,state,5.092404456857283,139.58326727174406
Virginia,2024-01-06,state,4.901451542267741,140.41264616491156
Virginia,2024-01-13,state,9.231425119425738,122.06249064013896
Virginia,2024-01-20,state,14.45649927007832,91.9530769141352
Virginia,2024-01-27,state,7.203671248230014,81.17077975341687
Virginia,2024-02-03,state,16.138137577882862,76.2867323931346
